ID,单位id,名字,等级,生命,攻击小,攻击大,法攻,护甲,暴击,闪避,暴伤,法力,速度,法抗,携带技能,护甲系数,施法概率,升级所需经验,掉落经验
1,1,不死人,1,120,29,32,30,10,50,50,1.5,100,500,0,1,50,0.5,100,10
2,1,不死人,2,126,30.16,33.28,31.2,10.3,51,50.5,1.5,101,502.5,0,1,50,0.5,110,11
3,1,不死人,3,132.3,31.37,34.61,32.45,10.61,52.02,51.01,1.5,102,505.01,0,1,50,0.5,121,11
4,1,不死人,4,138.92,32.62,36,33.75,10.93,53.06,51.52,1.51,103,507.54,0,1,50,0.5,133,12
5,1,不死人,5,145.86,33.93,37.44,35.1,11.26,54.12,52.03,1.51,104,510.08,0,1,50,0.5,146,13
6,1,不死人,6,153.15,35.28,38.93,36.5,11.59,55.2,52.55,1.51,105,512.63,0,1,50,0.5,161,14
7,1,不死人,7,160.81,36.69,40.49,37.96,11.94,56.31,53.08,1.51,106,515.19,0,1,50,0.5,177,15
8,1,不死人,8,168.85,38.16,42.11,39.48,12.3,57.43,53.61,1.52,107,517.76,0,1,50,0.5,195,16
9,1,不死人,9,177.29,39.69,43.79,41.06,12.67,58.58,54.14,1.52,108,520.35,0,1,50,0.5,214,17
10,1,不死人,10,186.16,41.28,45.55,42.7,13.05,59.75,54.68,1.52,109,522.96,0,1,50,0.5,236,18
11,1,不死人,11,195.47,42.93,47.37,44.41,13.44,60.95,55.23,1.52,110,525.57,0,1,50,0.5,259,20
12,1,不死人,12,205.24,44.64,49.26,46.18,13.84,62.17,55.78,1.52,112,528.2,0,1,50,0.5,285,21
13,1,不死人,13,215.5,46.43,51.23,48.03,14.26,63.41,56.34,1.53,113,530.84,0,1,50,0.5,314,23
14,1,不死人,14,226.28,48.29,53.28,49.95,14.69,64.68,56.9,1.53,114,533.49,0,1,50,0.5,345,24
15,1,不死人,15,237.59,50.22,55.41,51.95,15.13,65.97,57.47,1.53,115,536.16,0,1,50,0.5,380,26
16,1,不死人,16,249.47,52.23,57.63,54.03,15.58,67.29,58.05,1.53,116,538.84,0,1,50,0.5,418,28
17,1,不死人,17,261.94,54.32,59.94,56.19,16.05,68.64,58.63,1.54,117,541.54,0,1,50,0.5,459,30
18,1,不死人,18,275.04,56.49,62.33,58.44,16.53,70.01,59.22,1.54,118,544.24,0,1,50,0.5,505,32
19,1,不死人,19,288.79,58.75,64.83,60.77,17.02,71.41,59.81,1.54,120,546.96,0,0,50,0.5,556,34
20,1,不死人,20,303.23,61.1,67.42,63.21,17.54,72.84,60.41,1.54,121,549.7,0,0,50,0.5,612,36
21,1,不死人,21,318.4,63.54,70.12,65.73,18.06,74.3,61.01,1.55,122,552.45,0,0,50,0.5,673,39
22,1,不死人,22,334.32,66.08,72.92,68.36,18.6,75.78,61.62,1.55,123,555.21,0,0,50,0.5,740,41
23,1,不死人,23,351.03,68.73,75.84,71.1,19.16,77.3,62.24,1.55,124,557.99,0,0,50,0.5,814,44
24,1,不死人,24,368.58,71.48,78.87,73.94,19.74,78.84,62.86,1.55,126,560.78,0,0,50,0.5,895,47
25,1,不死人,25,387.01,74.34,82.03,76.9,20.33,80.42,63.49,1.55,127,563.58,0,0,50,0.5,985,51
26,1,不死人,26,406.36,77.31,85.31,79.98,20.94,82.03,64.12,1.56,128,566.4,0,0,50,0.5,1083,54
27,1,不死人,27,426.68,80.4,88.72,83.17,21.57,83.67,64.76,1.56,130,569.23,0,0,50,0.5,1192,58
28,1,不死人,28,448.01,83.62,92.27,86.5,22.21,85.34,65.41,1.56,131,572.08,0,0,50,0.5,1311,62
29,1,不死人,29,470.42,86.96,95.96,89.96,22.88,87.05,66.06,1.56,132,574.94,0,0,50,0.5,1442,66
30,1,不死人,30,493.94,90.44,99.8,93.56,23.57,88.79,66.73,1.57,133,577.81,0,0,50,0.5,1586,71
31,1,不死人,31,518.63,94.06,103.79,97.3,24.27,90.57,67.39,1.57,135,580.7,0,0,50,0.5,1745,76
32,1,不死人,32,544.56,97.82,107.94,101.19,25,92.38,68.07,1.57,136,583.6,0,0,50,0.5,1919,81
33,1,不死人,33,571.79,101.73,112.26,105.24,25.75,94.23,68.75,1.57,137,586.52,0,0,50,0.5,2111,87
34,1,不死人,34,600.38,105.8,116.75,109.45,26.52,96.11,69.43,1.58,139,589.45,0,0,50,0.5,2323,93
35,1,不死人,35,630.4,110.04,121.42,113.83,27.32,98.03,70.13,1.58,140,592.4,0,0,50,0.5,2555,100
36,1,不死人,36,661.92,114.44,126.27,118.38,28.14,99.99,70.83,1.58,142,595.36,0,0,50,0.5,2810,107
37,1,不死人,37,695.02,119.01,131.33,123.12,28.98,101.99,71.54,1.58,143,598.34,0,0,50,0.5,3091,114
38,1,不死人,38,729.77,123.77,136.58,128.04,29.85,104.03,72.25,1.59,145,601.33,0,0,50,0.5,3400,122
39,1,不死人,39,766.26,128.73,142.04,133.16,30.75,106.11,72.98,1.59,146,604.34,0,0,50,0.5,3740,131
40,1,不死人,40,804.57,133.87,147.72,138.49,31.67,108.24,73.71,1.59,147,607.36,0,0,50,0.5,4114,140
41,1,不死人,41,844.8,139.23,153.63,144.03,32.62,110.4,74.44,1.59,149,610.4,0,0,50,0.5,4526,150
42,1,不死人,42,887.04,144.8,159.78,149.79,33.6,112.61,75.19,1.6,150,613.45,0,0,50,0.5,4979,160
43,1,不死人,43,931.39,150.59,166.17,155.78,34.61,114.86,75.94,1.6,152,616.52,0,0,50,0.5,5476,171
44,1,不死人,44,977.96,156.61,172.82,162.01,35.65,117.16,76.7,1.6,153,619.6,0,0,50,0.5,6024,183
45,1,不死人,45,1026.86,162.88,179.73,168.5,36.71,119.5,77.47,1.6,155,622.7,0,0,50,0.5,6626,196
46,1,不死人,46,1078.2,169.39,186.92,175.24,37.82,121.89,78.24,1.6,156,625.81,0,0,50,0.5,7289,210
47,1,不死人,47,1132.11,176.17,194.39,182.24,38.95,124.33,79.02,1.61,158,628.94,0,0,50,0.5,8018,225
48,1,不死人,48,1188.72,183.22,202.17,189.53,40.12,126.82,79.81,1.61,160,632.08,0,0,50,0.5,8820,240
49,1,不死人,49,1248.15,190.55,210.26,197.12,41.32,129.35,80.61,1.61,161,635.24,0,0,50,0.5,9702,257
50,1,不死人,50,1310.56,198.17,218.67,205,42.56,131.94,81.42,1.61,163,638.42,0,0,50,0.5,10672,275
51,1,不死人,51,1376.09,206.09,227.41,213.2,43.84,134.58,82.23,1.62,164,641.61,0,0,50,0.5,11739,295
52,1,不死人,52,1444.89,214.34,236.51,221.73,45.15,137.27,83.05,1.62,166,644.82,0,0,50,0.5,12913,315
53,1,不死人,53,1517.14,222.91,245.97,230.6,46.51,140.02,83.88,1.62,168,648.05,0,0,50,0.5,14204,337
54,1,不死人,54,1592.99,231.83,255.81,239.82,47.9,142.82,84.72,1.62,169,651.29,0,0,50,0.5,15625,361
55,1,不死人,55,1672.64,241.1,266.04,249.41,49.34,145.67,85.57,1.63,171,654.54,0,0,50,0.5,17187,386
56,1,不死人,56,1756.28,250.74,276.68,259.39,50.82,148.59,86.43,1.63,173,657.81,0,0,50,0.5,18906,413
57,1,不死人,57,1844.09,260.77,287.75,269.77,52.35,151.56,87.29,1.63,175,661.1,0,0,50,0.5,20797,442
58,1,不死人,58,1936.29,271.21,299.26,280.56,53.92,154.59,88.16,1.63,176,664.41,0,0,50,0.5,22876,473
59,1,不死人,59,2033.11,282.05,311.23,291.78,55.53,157.68,89.05,1.64,178,667.73,0,0,50,0.5,25164,506
60,1,不死人,60,2134.76,293.34,323.68,303.45,57.2,160.83,89.94,1.64,180,671.07,0,0,50,0.5,27680,542
61,1,不死人,61,2241.5,305.07,336.63,315.59,58.92,164.05,90.83,1.64,182,674.43,0,0,50,0.5,30448,579
62,1,不死人,62,2353.58,317.27,350.09,328.21,60.68,167.33,91.74,1.64,183,677.8,0,0,50,0.5,33493,620
63,1,不死人,63,2471.26,329.96,364.1,341.34,62.5,170.68,92.66,1.65,185,681.19,0,0,50,0.5,36842,663
64,1,不死人,64,2594.82,343.16,378.66,354.99,64.38,174.09,93.59,1.65,187,684.59,0,0,50,0.5,40527,710
65,1,不死人,65,2724.56,356.89,393.81,369.19,66.31,177.57,94.52,1.65,189,688.02,0,0,50,0.5,44579,760
66,1,不死人,66,2860.79,371.16,409.56,383.96,68.3,181.13,95.47,1.65,191,691.46,0,0,50,0.5,49037,813
67,1,不死人,67,3003.83,386.01,425.94,399.32,70.35,184.75,96.42,1.66,193,694.91,0,0,50,0.5,53941,870
68,1,不死人,68,3154.02,401.45,442.98,415.29,72.46,188.44,97.39,1.66,195,698.39,0,0,50,0.5,59335,930
69,1,不死人,69,3311.72,417.51,460.7,431.91,74.63,192.21,98.36,1.66,197,701.88,0,0,50,0.5,65268,996
70,1,不死人,70,3477.31,434.21,479.13,449.18,76.87,196.06,99.34,1.66,199,705.39,0,0,50,0.5,71795,1065
71,1,不死人,71,3651.17,451.58,498.29,467.15,79.18,199.98,100.34,1.67,201,708.92,0,0,50,0.5,78975,1140
72,1,不死人,72,3833.73,469.64,518.22,485.83,81.55,203.98,101.34,1.67,203,712.46,0,0,50,0.5,86872,1220
73,1,不死人,73,4025.42,488.43,538.95,505.27,84,208.06,102.35,1.67,205,716.02,0,0,50,0.5,95559,1305
74,1,不死人,74,4226.69,507.96,560.51,525.48,86.52,212.22,103.38,1.67,207,719.6,0,0,50,0.5,105115,1396
75,1,不死人,75,4438.02,528.28,582.93,546.5,89.12,216.46,104.41,1.68,209,723.2,0,0,50,0.5,115627,1494
76,1,不死人,76,4659.92,549.41,606.25,568.36,91.79,220.79,105.46,1.68,211,726.82,0,0,50,0.5,127190,1599
77,1,不死人,77,4892.92,571.39,630.5,591.09,94.54,225.21,106.51,1.68,213,730.45,0,0,50,0.5,139908,1711
78,1,不死人,78,5137.56,594.24,655.72,614.74,97.38,229.71,107.58,1.68,215,734.1,0,0,50,0.5,153899,1830
79,1,不死人,79,5394.44,618.01,681.95,639.33,100.3,234.31,108.65,1.69,217,737.77,0,0,50,0.5,169289,1959
80,1,不死人,80,5664.16,642.73,709.22,664.9,103.31,238.99,109.74,1.69,219,741.46,0,0,50,0.5,186218,2096
81,1,不死人,81,5947.37,668.44,737.59,691.49,106.41,243.77,110.84,1.69,222,745.17,0,0,50,0.5,204840,2242
82,1,不死人,82,6244.74,695.18,767.1,719.15,109.6,248.65,111.94,1.69,224,748.9,0,0,50,0.5,225324,2399
83,1,不死人,83,6556.98,722.99,797.78,747.92,112.89,253.62,113.06,1.7,226,752.64,0,0,50,0.5,247856,2567
84,1,不死人,84,6884.83,751.91,829.69,777.84,116.28,258.69,114.19,1.7,228,756.4,0,0,50,0.5,272642,2747
85,1,不死人,85,7229.07,781.99,862.88,808.95,119.76,263.87,115.34,1.7,231,760.18,0,0,50,0.5,299906,2939
86,1,不死人,86,7590.52,813.26,897.4,841.31,123.36,269.14,116.49,1.7,233,763.99,0,0,50,0.5,329897,3145
87,1,不死人,87,7970.05,845.8,933.29,874.96,127.06,274.53,117.65,1.71,235,767.81,0,0,50,0.5,362887,3365
88,1,不死人,88,8368.55,879.63,970.62,909.96,130.87,280.02,118.83,1.71,238,771.64,0,0,50,0.5,399175,3601
89,1,不死人,89,8786.98,914.81,1009.45,946.36,134.8,285.62,120.02,1.71,240,775.5,0,0,50,0.5,439093,3853
90,1,不死人,90,9226.33,951.4,1049.83,984.21,138.84,291.33,121.22,1.71,242,779.38,0,0,50,0.5,483002,4122
91,1,不死人,91,9687.64,989.46,1091.82,1023.58,143,297.16,122.43,1.72,245,783.28,0,0,50,0.5,531302,4411
92,1,不死人,92,10172.03,1029.04,1135.49,1064.52,147.29,303.1,123.66,1.72,247,787.19,0,0,50,0.5,584432,4720
93,1,不死人,93,10680.63,1070.2,1180.91,1107.1,151.71,309.16,124.89,1.72,250,791.13,0,0,50,0.5,642876,5050
94,1,不死人,94,11214.66,1113.01,1228.15,1151.39,156.27,315.35,126.14,1.72,252,795.09,0,0,50,0.5,707163,5404
95,1,不死人,95,11775.39,1157.53,1277.27,1197.44,160.95,321.65,127.4,1.73,255,799.06,0,0,50,0.5,777880,5782
96,1,不死人,96,12364.16,1203.83,1328.36,1245.34,165.78,328.08,128.68,1.73,257,803.06,0,0,50,0.5,855668,6187
97,1,不死人,97,12982.37,1251.98,1381.5,1295.16,170.76,334.65,129.96,1.73,260,807.07,0,0,50,0.5,941234,6620
98,1,不死人,98,13631.49,1302.06,1436.76,1346.96,175.88,341.34,131.26,1.73,263,811.11,0,0,50,0.5,1035358,7083
99,1,不死人,99,14313.06,1354.15,1494.23,1400.84,181.15,348.17,132.58,1.74,265,815.16,0,0,50,0.5,1138894,7579
100,1,不死人,100,15028.72,1408.31,1554,1456.87,186.59,355.13,133.9,1.74,268,819.24,0,0,50,0.5,1252783,8109
101,1,不死人,101,15780.15,1464.64,1616.16,1515.15,192.19,362.23,135.24,1.74,270,823.33,0,0,50,0.5,1378061,8677
102,1,不死人,102,16569.16,1523.23,1680.8,1575.75,197.95,369.48,136.59,1.75,273,827.45,0,0,50,0.5,1515867,9285
103,1,不死人,103,17397.62,1584.16,1748.04,1638.78,203.89,376.87,137.96,1.75,276,831.59,0,0,50,0.5,1667454,9934
104,1,不死人,104,18267.5,1647.52,1817.96,1704.34,210.01,384.4,139.34,1.75,279,835.75,0,0,50,0.5,1834200,10630
105,1,不死人,105,19180.87,1713.43,1890.68,1772.51,216.31,392.09,140.73,1.75,281,839.92,0,0,50,0.5,2017619,11374
106,1,不死人,106,20139.92,1781.96,1966.3,1843.41,222.8,399.93,142.14,1.76,284,844.12,0,0,50,0.5,2219381,12170
107,1,不死人,107,21146.91,1853.24,2044.96,1917.15,229.48,407.93,143.56,1.76,287,848.35,0,0,50,0.5,2441320,13022
108,1,不死人,108,22204.26,1927.37,2126.75,1993.83,236.36,416.09,145,1.76,290,852.59,0,0,50,0.5,2685451,13934
109,1,不死人,109,23314.47,2004.47,2211.82,2073.59,243.46,424.41,146.45,1.76,293,856.85,0,0,50,0.5,2953997,14909
110,1,不死人,110,24480.19,2084.64,2300.3,2156.53,250.76,432.9,147.91,1.77,296,861.13,0,0,50,0.5,3249396,15953
111,1,不死人,111,25704.2,2168.03,2392.31,2242.79,258.28,441.56,149.39,1.77,299,865.44,0,0,50,0.5,3574336,17069
112,1,不死人,112,26989.41,2254.75,2488,2332.5,266.03,450.39,150.88,1.77,302,869.77,0,0,50,0.5,3931770,18264
113,1,不死人,113,28338.88,2344.94,2587.52,2425.8,274.01,459.4,152.39,1.77,305,874.12,0,0,50,0.5,4324946,19543
114,1,不死人,114,29755.83,2438.74,2691.02,2522.83,282.23,468.59,153.92,1.78,308,878.49,0,0,50,0.5,4757441,20911
115,1,不死人,115,31243.62,2536.29,2798.66,2623.75,290.7,477.96,155.46,1.78,311,882.88,0,0,50,0.5,5233185,22374
116,1,不死人,116,32805.8,2637.74,2910.61,2728.7,299.42,487.52,157.01,1.78,314,887.29,0,0,50,0.5,5756504,23941
117,1,不死人,117,34446.09,2743.25,3027.03,2837.84,308.4,497.27,158.58,1.78,317,891.73,0,0,50,0.5,6332154,25616
118,1,不死人,118,36168.4,2852.98,3148.12,2951.36,317.65,507.21,160.17,1.79,320,896.19,0,0,50,0.5,6965370,27410
119,1,不死人,119,37976.81,2967.1,3274.04,3069.41,327.18,517.36,161.77,1.79,324,900.67,0,0,50,0.5,7661907,29328
120,1,不死人,120,39875.66,3085.78,3405,3192.19,337,527.7,163.39,1.79,327,905.17,0,0,50,0.5,8428097,31381
121,1,不死人,121,41869.44,3209.21,3541.2,3319.88,347.11,538.26,165.02,1.8,330,909.7,0,0,50,0.5,9270907,33578
122,1,不死人,122,43962.91,3337.58,3682.85,3452.67,357.52,549.02,166.67,1.8,333,914.25,0,0,50,0.5,10197998,35928
123,1,不死人,123,46161.06,3471.09,3830.16,3590.78,368.25,560,168.34,1.8,337,918.82,0,0,50,0.5,11217797,38443
124,1,不死人,124,48469.11,3609.93,3983.37,3734.41,379.3,571.2,170.02,1.8,340,923.41,0,0,50,0.5,12339577,41134
125,1,不死人,125,50892.56,3754.33,4142.71,3883.79,390.68,582.63,171.72,1.81,343,928.03,0,0,50,0.5,13573535,44014
126,1,不死人,126,53437.19,3904.5,4308.41,4039.14,402.4,594.28,173.44,1.81,347,932.67,0,0,50,0.5,14930888,47095
127,1,不死人,127,56109.05,4060.68,4480.75,4200.7,414.47,606.17,175.17,1.81,350,937.33,0,0,50,0.5,16423977,50391
128,1,不死人,128,58914.5,4223.11,4659.98,4368.73,426.9,618.29,176.92,1.81,354,942.02,0,0,50,0.5,18066375,53919
129,1,不死人,129,61860.23,4392.03,4846.38,4543.48,439.71,630.66,178.69,1.82,357,946.73,0,0,50,0.5,19873012,57693
130,1,不死人,130,64953.24,4567.71,5040.23,4725.22,452.9,643.27,180.48,1.82,361,951.46,0,0,50,0.5,21860313,61732
131,1,不死人,131,68200.9,4750.42,5241.84,4914.23,466.49,656.13,182.28,1.82,365,956.22,0,0,50,0.5,24046345,66053
132,1,不死人,132,71610.95,4940.44,5451.52,5110.8,480.48,669.26,184.11,1.83,368,961,0,0,50,0.5,26450979,70676
133,1,不死人,133,75191.5,5138.06,5669.58,5315.23,494.9,682.64,185.95,1.83,372,965.81,0,0,50,0.5,29096077,75624
134,1,不死人,134,78951.07,5343.58,5896.36,5527.84,509.74,696.29,187.81,1.83,376,970.64,0,0,50,0.5,32005685,80917
135,1,不死人,135,82898.62,5557.32,6132.22,5748.95,525.03,710.22,189.69,1.83,379,975.49,0,0,50,0.5,35206253,86582
136,1,不死人,136,87043.56,5779.61,6377.5,5978.91,540.79,724.42,191.58,1.84,383,980.37,0,0,50,0.5,38726879,92642
137,1,不死人,137,91395.73,6010.8,6632.6,6218.07,557.01,738.91,193.5,1.84,387,985.27,0,0,50,0.5,42599567,99127
138,1,不死人,138,95965.52,6251.23,6897.91,6466.79,573.72,753.69,195.43,1.84,391,990.19,0,0,50,0.5,46859523,106066
139,1,不死人,139,100763.8,6501.28,7173.83,6725.46,590.93,768.77,197.39,1.84,395,995.15,0,0,50,0.5,51545476,113491
140,1,不死人,140,105801.99,6761.33,7460.78,6994.48,608.66,784.14,199.36,1.85,399,1000.12,0,0,50,0.5,56700023,121435
141,1,不死人,141,111092.08,7031.78,7759.21,7274.26,626.92,799.82,201.35,1.85,403,1005.12,0,0,50,0.5,62370026,129936
142,1,不死人,142,116646.69,7313.05,8069.58,7565.23,645.73,815.82,203.37,1.85,407,1010.15,0,0,50,0.5,68607028,139031
143,1,不死人,143,122479.02,7605.58,8392.36,7867.84,665.1,832.14,205.4,1.86,411,1015.2,0,0,50,0.5,75467731,148764
144,1,不死人,144,128602.97,7909.8,8728.06,8182.55,685.05,848.78,207.46,1.86,415,1020.27,0,0,50,0.5,83014504,159177
145,1,不死人,145,135033.12,8226.19,9077.18,8509.85,705.6,865.75,209.53,1.86,419,1025.38,0,0,50,0.5,91315954,170319
146,1,不死人,146,141784.78,8555.24,9440.26,8850.25,726.77,883.07,211.63,1.86,423,1030.5,0,0,50,0.5,100447550,182242
147,1,不死人,147,148874.02,8897.45,9817.88,9204.26,748.57,900.73,213.74,1.87,427,1035.65,0,0,50,0.5,110492305,194999
148,1,不死人,148,156317.72,9253.35,10210.59,9572.43,771.03,918.75,215.88,1.87,432,1040.83,0,0,50,0.5,121541535,208649
149,1,不死人,149,164133.61,9623.48,10619.01,9955.33,794.16,937.12,218.04,1.87,436,1046.04,0,0,50,0.5,133695689,223254
150,1,不死人,150,172340.29,10008.42,11043.77,10353.54,817.99,955.86,220.22,1.88,440,1051.27,0,0,50,0.5,0,238882
151,2,战士,1,120,29,32,10,15,50,50,1.5,50,500,15,0,50,0.5,100,10
152,2,战士,2,126,30.16,33.28,10.4,15.45,51,50.5,1.5,51,502.5,15.45,0,50,0.5,110,11
153,2,战士,3,132.3,31.37,34.61,10.82,15.91,52.02,51.01,1.5,51,505.01,15.91,0,50,0.5,121,11
154,2,战士,4,138.92,32.62,36,11.25,16.39,53.06,51.52,1.51,52,507.54,16.39,0,50,0.5,133,12
155,2,战士,5,145.86,33.93,37.44,11.7,16.88,54.12,52.03,1.51,52,510.08,16.88,0,50,0.5,146,13
156,2,战士,6,153.15,35.28,38.93,12.17,17.39,55.2,52.55,1.51,53,512.63,17.39,0,50,0.5,161,14
157,2,战士,7,160.81,36.69,40.49,12.65,17.91,56.31,53.08,1.51,53,515.19,17.91,0,50,0.5,177,15
158,2,战士,8,168.85,38.16,42.11,13.16,18.45,57.43,53.61,1.52,54,517.76,18.45,0,50,0.5,195,16
159,2,战士,9,177.29,39.69,43.79,13.69,19,58.58,54.14,1.52,54,520.35,19,0,50,0.5,214,17
160,2,战士,10,186.16,41.28,45.55,14.23,19.57,59.75,54.68,1.52,55,522.96,19.57,0,50,0.5,236,18
161,2,战士,11,195.47,42.93,47.37,14.8,20.16,60.95,55.23,1.52,55,525.57,20.16,0,50,0.5,259,20
162,2,战士,12,205.24,44.64,49.26,15.39,20.76,62.17,55.78,1.52,56,528.2,20.76,0,50,0.5,285,21
163,2,战士,13,215.5,46.43,51.23,16.01,21.39,63.41,56.34,1.53,56,530.84,21.39,0,50,0.5,314,23
164,2,战士,14,226.28,48.29,53.28,16.65,22.03,64.68,56.9,1.53,57,533.49,22.03,0,50,0.5,345,24
165,2,战士,15,237.59,50.22,55.41,17.32,22.69,65.97,57.47,1.53,57,536.16,22.69,0,50,0.5,380,26
166,2,战士,16,249.47,52.23,57.63,18.01,23.37,67.29,58.05,1.53,58,538.84,23.37,0,50,0.5,418,28
167,2,战士,17,261.94,54.32,59.94,18.73,24.07,68.64,58.63,1.54,59,541.54,24.07,0,50,0.5,459,30
168,2,战士,18,275.04,56.49,62.33,19.48,24.79,70.01,59.22,1.54,59,544.24,24.79,0,50,0.5,505,32
169,2,战士,19,288.79,58.75,64.83,20.26,25.54,71.41,59.81,1.54,60,546.96,25.54,0,50,0.5,556,34
170,2,战士,20,303.23,61.1,67.42,21.07,26.3,72.84,60.41,1.54,60,549.7,26.3,0,50,0.5,612,36
171,2,战士,21,318.4,63.54,70.12,21.91,27.09,74.3,61.01,1.55,61,552.45,27.09,0,50,0.5,673,39
172,2,战士,22,334.32,66.08,72.92,22.79,27.9,75.78,61.62,1.55,62,555.21,27.9,0,50,0.5,740,41
173,2,战士,23,351.03,68.73,75.84,23.7,28.74,77.3,62.24,1.55,62,557.99,28.74,0,50,0.5,814,44
174,2,战士,24,368.58,71.48,78.87,24.65,29.6,78.84,62.86,1.55,63,560.78,29.6,0,50,0.5,895,47
175,2,战士,25,387.01,74.34,82.03,25.63,30.49,80.42,63.49,1.55,63,563.58,30.49,0,50,0.5,985,51
176,2,战士,26,406.36,77.31,85.31,26.66,31.41,82.03,64.12,1.56,64,566.4,31.41,0,50,0.5,1083,54
177,2,战士,27,426.68,80.4,88.72,27.72,32.35,83.67,64.76,1.56,65,569.23,32.35,0,50,0.5,1192,58
178,2,战士,28,448.01,83.62,92.27,28.83,33.32,85.34,65.41,1.56,65,572.08,33.32,0,50,0.5,1311,62
179,2,战士,29,470.42,86.96,95.96,29.99,34.32,87.05,66.06,1.56,66,574.94,34.32,0,50,0.5,1442,66
180,2,战士,30,493.94,90.44,99.8,31.19,35.35,88.79,66.73,1.57,67,577.81,35.35,0,50,0.5,1586,71
181,2,战士,31,518.63,94.06,103.79,32.43,36.41,90.57,67.39,1.57,67,580.7,36.41,0,50,0.5,1745,76
182,2,战士,32,544.56,97.82,107.94,33.73,37.5,92.38,68.07,1.57,68,583.6,37.5,0,50,0.5,1919,81
183,2,战士,33,571.79,101.73,112.26,35.08,38.63,94.23,68.75,1.57,69,586.52,38.63,0,50,0.5,2111,87
184,2,战士,34,600.38,105.8,116.75,36.48,39.79,96.11,69.43,1.58,69,589.45,39.79,0,50,0.5,2323,93
185,2,战士,35,630.4,110.04,121.42,37.94,40.98,98.03,70.13,1.58,70,592.4,40.98,0,50,0.5,2555,100
186,2,战士,36,661.92,114.44,126.27,39.46,42.21,99.99,70.83,1.58,71,595.36,42.21,0,50,0.5,2810,107
187,2,战士,37,695.02,119.01,131.33,41.04,43.47,101.99,71.54,1.58,72,598.34,43.47,0,50,0.5,3091,114
188,2,战士,38,729.77,123.77,136.58,42.68,44.78,104.03,72.25,1.59,72,601.33,44.78,0,50,0.5,3400,122
189,2,战士,39,766.26,128.73,142.04,44.39,46.12,106.11,72.98,1.59,73,604.34,46.12,0,50,0.5,3740,131
190,2,战士,40,804.57,133.87,147.72,46.16,47.51,108.24,73.71,1.59,74,607.36,47.51,0,50,0.5,4114,140
191,2,战士,41,844.8,139.23,153.63,48.01,48.93,110.4,74.44,1.59,74,610.4,48.93,0,50,0.5,4526,150
192,2,战士,42,887.04,144.8,159.78,49.93,50.4,112.61,75.19,1.6,75,613.45,50.4,0,50,0.5,4979,160
193,2,战士,43,931.39,150.59,166.17,51.93,51.91,114.86,75.94,1.6,76,616.52,51.91,0,50,0.5,5476,171
194,2,战士,44,977.96,156.61,172.82,54,53.47,117.16,76.7,1.6,77,619.6,53.47,0,50,0.5,6024,183
195,2,战士,45,1026.86,162.88,179.73,56.17,55.07,119.5,77.47,1.6,77,622.7,55.07,0,50,0.5,6626,196
196,2,战士,46,1078.2,169.39,186.92,58.41,56.72,121.89,78.24,1.6,78,625.81,56.72,0,50,0.5,7289,210
197,2,战士,47,1132.11,176.17,194.39,60.75,58.43,124.33,79.02,1.61,79,628.94,58.43,0,50,0.5,8018,225
198,2,战士,48,1188.72,183.22,202.17,63.18,60.18,126.82,79.81,1.61,80,632.08,60.18,0,50,0.5,8820,240
199,2,战士,49,1248.15,190.55,210.26,65.71,61.98,129.35,80.61,1.61,81,635.24,61.98,0,50,0.5,9702,257
200,2,战士,50,1310.56,198.17,218.67,68.33,63.84,131.94,81.42,1.61,81,638.42,63.84,0,50,0.5,10672,275
201,2,战士,51,1376.09,206.09,227.41,71.07,65.76,134.58,82.23,1.62,82,641.61,65.76,0,50,0.5,11739,295
202,2,战士,52,1444.89,214.34,236.51,73.91,67.73,137.27,83.05,1.62,83,644.82,67.73,0,50,0.5,12913,315
203,2,战士,53,1517.14,222.91,245.97,76.87,69.76,140.02,83.88,1.62,84,648.05,69.76,0,50,0.5,14204,337
204,2,战士,54,1592.99,231.83,255.81,79.94,71.86,142.82,84.72,1.62,85,651.29,71.86,0,50,0.5,15625,361
205,2,战士,55,1672.64,241.1,266.04,83.14,74.01,145.67,85.57,1.63,86,654.54,74.01,0,50,0.5,17187,386
206,2,战士,56,1756.28,250.74,276.68,86.46,76.23,148.59,86.43,1.63,86,657.81,76.23,0,50,0.5,18906,413
207,2,战士,57,1844.09,260.77,287.75,89.92,78.52,151.56,87.29,1.63,87,661.1,78.52,0,50,0.5,20797,442
208,2,战士,58,1936.29,271.21,299.26,93.52,80.87,154.59,88.16,1.63,88,664.41,80.87,0,50,0.5,22876,473
209,2,战士,59,2033.11,282.05,311.23,97.26,83.3,157.68,89.05,1.64,89,667.73,83.3,0,50,0.5,25164,506
210,2,战士,60,2134.76,293.34,323.68,101.15,85.8,160.83,89.94,1.64,90,671.07,85.8,0,50,0.5,27680,542
211,2,战士,61,2241.5,305.07,336.63,105.2,88.37,164.05,90.83,1.64,91,674.43,88.37,0,50,0.5,30448,579
212,2,战士,62,2353.58,317.27,350.09,109.4,91.03,167.33,91.74,1.64,92,677.8,91.03,0,50,0.5,33493,620
213,2,战士,63,2471.26,329.96,364.1,113.78,93.76,170.68,92.66,1.65,93,681.19,93.76,0,50,0.5,36842,663
214,2,战士,64,2594.82,343.16,378.66,118.33,96.57,174.09,93.59,1.65,94,684.59,96.57,0,50,0.5,40527,710
215,2,战士,65,2724.56,356.89,393.81,123.06,99.47,177.57,94.52,1.65,95,688.02,99.47,0,50,0.5,44579,760
216,2,战士,66,2860.79,371.16,409.56,127.99,102.45,181.13,95.47,1.65,95,691.46,102.45,0,50,0.5,49037,813
217,2,战士,67,3003.83,386.01,425.94,133.11,105.52,184.75,96.42,1.66,96,694.91,105.52,0,50,0.5,53941,870
218,2,战士,68,3154.02,401.45,442.98,138.43,108.69,188.44,97.39,1.66,97,698.39,108.69,0,50,0.5,59335,930
219,2,战士,69,3311.72,417.51,460.7,143.97,111.95,192.21,98.36,1.66,98,701.88,111.95,0,50,0.5,65268,996
220,2,战士,70,3477.31,434.21,479.13,149.73,115.31,196.06,99.34,1.66,99,705.39,115.31,0,50,0.5,71795,1065
221,2,战士,71,3651.17,451.58,498.29,155.72,118.77,199.98,100.34,1.67,100,708.92,118.77,0,50,0.5,78975,1140
222,2,战士,72,3833.73,469.64,518.22,161.94,122.33,203.98,101.34,1.67,101,712.46,122.33,0,50,0.5,86872,1220
223,2,战士,73,4025.42,488.43,538.95,168.42,126,208.06,102.35,1.67,102,716.02,126,0,50,0.5,95559,1305
224,2,战士,74,4226.69,507.96,560.51,175.16,129.78,212.22,103.38,1.67,103,719.6,129.78,0,50,0.5,105115,1396
225,2,战士,75,4438.02,528.28,582.93,182.17,133.67,216.46,104.41,1.68,104,723.2,133.67,0,50,0.5,115627,1494
226,2,战士,76,4659.92,549.41,606.25,189.45,137.68,220.79,105.46,1.68,105,726.82,137.68,0,50,0.5,127190,1599
227,2,战士,77,4892.92,571.39,630.5,197.03,141.81,225.21,106.51,1.68,107,730.45,141.81,0,50,0.5,139908,1711
228,2,战士,78,5137.56,594.24,655.72,204.91,146.07,229.71,107.58,1.68,108,734.1,146.07,0,50,0.5,153899,1830
229,2,战士,79,5394.44,618.01,681.95,213.11,150.45,234.31,108.65,1.69,109,737.77,150.45,0,50,0.5,169289,1959
230,2,战士,80,5664.16,642.73,709.22,221.63,154.96,238.99,109.74,1.69,110,741.46,154.96,0,50,0.5,186218,2096
231,2,战士,81,5947.37,668.44,737.59,230.5,159.61,243.77,110.84,1.69,111,745.17,159.61,0,50,0.5,204840,2242
232,2,战士,82,6244.74,695.18,767.1,239.72,164.4,248.65,111.94,1.69,112,748.9,164.4,0,50,0.5,225324,2399
233,2,战士,83,6556.98,722.99,797.78,249.31,169.33,253.62,113.06,1.7,113,752.64,169.33,0,50,0.5,247856,2567
234,2,战士,84,6884.83,751.91,829.69,259.28,174.41,258.69,114.19,1.7,114,756.4,174.41,0,50,0.5,272642,2747
235,2,战士,85,7229.07,781.99,862.88,269.65,179.65,263.87,115.34,1.7,115,760.18,179.65,0,50,0.5,299906,2939
236,2,战士,86,7590.52,813.26,897.4,280.44,185.04,269.14,116.49,1.7,116,763.99,185.04,0,50,0.5,329897,3145
237,2,战士,87,7970.05,845.8,933.29,291.65,190.59,274.53,117.65,1.71,118,767.81,190.59,0,50,0.5,362887,3365
238,2,战士,88,8368.55,879.63,970.62,303.32,196.3,280.02,118.83,1.71,119,771.64,196.3,0,50,0.5,399175,3601
239,2,战士,89,8786.98,914.81,1009.45,315.45,202.19,285.62,120.02,1.71,120,775.5,202.19,0,50,0.5,439093,3853
240,2,战士,90,9226.33,951.4,1049.83,328.07,208.26,291.33,121.22,1.71,121,779.38,208.26,0,50,0.5,483002,4122
241,2,战士,91,9687.64,989.46,1091.82,341.19,214.51,297.16,122.43,1.72,122,783.28,214.51,0,50,0.5,531302,4411
242,2,战士,92,10172.03,1029.04,1135.49,354.84,220.94,303.1,123.66,1.72,124,787.19,220.94,0,50,0.5,584432,4720
243,2,战士,93,10680.63,1070.2,1180.91,369.03,227.57,309.16,124.89,1.72,125,791.13,227.57,0,50,0.5,642876,5050
244,2,战士,94,11214.66,1113.01,1228.15,383.8,234.4,315.35,126.14,1.72,126,795.09,234.4,0,50,0.5,707163,5404
245,2,战士,95,11775.39,1157.53,1277.27,399.15,241.43,321.65,127.4,1.73,127,799.06,241.43,0,50,0.5,777880,5782
246,2,战士,96,12364.16,1203.83,1328.36,415.11,248.67,328.08,128.68,1.73,129,803.06,248.67,0,50,0.5,855668,6187
247,2,战士,97,12982.37,1251.98,1381.5,431.72,256.13,334.65,129.96,1.73,130,807.07,256.13,0,50,0.5,941234,6620
248,2,战士,98,13631.49,1302.06,1436.76,448.99,263.82,341.34,131.26,1.73,131,811.11,263.82,0,50,0.5,1035358,7083
249,2,战士,99,14313.06,1354.15,1494.23,466.95,271.73,348.17,132.58,1.74,133,815.16,271.73,0,50,0.5,1138894,7579
250,2,战士,100,15028.72,1408.31,1554,485.62,279.88,355.13,133.9,1.74,134,819.24,279.88,0,50,0.5,1252783,8109
251,2,战士,101,15780.15,1464.64,1616.16,505.05,288.28,362.23,135.24,1.74,135,823.33,288.28,0,50,0.5,1378061,8677
252,2,战士,102,16569.16,1523.23,1680.8,525.25,296.93,369.48,136.59,1.75,137,827.45,296.93,0,50,0.5,1515867,9285
253,2,战士,103,17397.62,1584.16,1748.04,546.26,305.84,376.87,137.96,1.75,138,831.59,305.84,0,50,0.5,1667454,9934
254,2,战士,104,18267.5,1647.52,1817.96,568.11,315.01,384.4,139.34,1.75,139,835.75,315.01,0,50,0.5,1834200,10630
255,2,战士,105,19180.87,1713.43,1890.68,590.84,324.46,392.09,140.73,1.75,141,839.92,324.46,0,50,0.5,2017619,11374
256,2,战士,106,20139.92,1781.96,1966.3,614.47,334.19,399.93,142.14,1.76,142,844.12,334.19,0,50,0.5,2219381,12170
257,2,战士,107,21146.91,1853.24,2044.96,639.05,344.22,407.93,143.56,1.76,144,848.35,344.22,0,50,0.5,2441320,13022
258,2,战士,108,22204.26,1927.37,2126.75,664.61,354.55,416.09,145,1.76,145,852.59,354.55,0,50,0.5,2685451,13934
259,2,战士,109,23314.47,2004.47,2211.82,691.2,365.18,424.41,146.45,1.76,146,856.85,365.18,0,50,0.5,2953997,14909
260,2,战士,110,24480.19,2084.64,2300.3,718.84,376.14,432.9,147.91,1.77,148,861.13,376.14,0,50,0.5,3249396,15953
261,2,战士,111,25704.2,2168.03,2392.31,747.6,387.42,441.56,149.39,1.77,149,865.44,387.42,0,50,0.5,3574336,17069
262,2,战士,112,26989.41,2254.75,2488,777.5,399.05,450.39,150.88,1.77,151,869.77,399.05,0,50,0.5,3931770,18264
263,2,战士,113,28338.88,2344.94,2587.52,808.6,411.02,459.4,152.39,1.77,152,874.12,411.02,0,50,0.5,4324946,19543
264,2,战士,114,29755.83,2438.74,2691.02,840.94,423.35,468.59,153.92,1.78,154,878.49,423.35,0,50,0.5,4757441,20911
265,2,战士,115,31243.62,2536.29,2798.66,874.58,436.05,477.96,155.46,1.78,155,882.88,436.05,0,50,0.5,5233185,22374
266,2,战士,116,32805.8,2637.74,2910.61,909.57,449.13,487.52,157.01,1.78,157,887.29,449.13,0,50,0.5,5756504,23941
267,2,战士,117,34446.09,2743.25,3027.03,945.95,462.6,497.27,158.58,1.78,159,891.73,462.6,0,50,0.5,6332154,25616
268,2,战士,118,36168.4,2852.98,3148.12,983.79,476.48,507.21,160.17,1.79,160,896.19,476.48,0,50,0.5,6965370,27410
269,2,战士,119,37976.81,2967.1,3274.04,1023.14,490.78,517.36,161.77,1.79,162,900.67,490.78,0,50,0.5,7661907,29328
270,2,战士,120,39875.66,3085.78,3405,1064.06,505.5,527.7,163.39,1.79,163,905.17,505.5,0,50,0.5,8428097,31381
271,2,战士,121,41869.44,3209.21,3541.2,1106.63,520.66,538.26,165.02,1.8,165,909.7,520.66,0,50,0.5,9270907,33578
272,2,战士,122,43962.91,3337.58,3682.85,1150.89,536.28,549.02,166.67,1.8,167,914.25,536.28,0,50,0.5,10197998,35928
273,2,战士,123,46161.06,3471.09,3830.16,1196.93,552.37,560,168.34,1.8,168,918.82,552.37,0,50,0.5,11217797,38443
274,2,战士,124,48469.11,3609.93,3983.37,1244.8,568.94,571.2,170.02,1.8,170,923.41,568.94,0,50,0.5,12339577,41134
275,2,战士,125,50892.56,3754.33,4142.71,1294.6,586.01,582.63,171.72,1.81,172,928.03,586.01,0,50,0.5,13573535,44014
276,2,战士,126,53437.19,3904.5,4308.41,1346.38,603.59,594.28,173.44,1.81,173,932.67,603.59,0,50,0.5,14930888,47095
277,2,战士,127,56109.05,4060.68,4480.75,1400.23,621.7,606.17,175.17,1.81,175,937.33,621.7,0,50,0.5,16423977,50391
278,2,战士,128,58914.5,4223.11,4659.98,1456.24,640.35,618.29,176.92,1.81,177,942.02,640.35,0,50,0.5,18066375,53919
279,2,战士,129,61860.23,4392.03,4846.38,1514.49,659.56,630.66,178.69,1.82,179,946.73,659.56,0,50,0.5,19873012,57693
280,2,战士,130,64953.24,4567.71,5040.23,1575.07,679.35,643.27,180.48,1.82,180,951.46,679.35,0,50,0.5,21860313,61732
281,2,战士,131,68200.9,4750.42,5241.84,1638.08,699.73,656.13,182.28,1.82,182,956.22,699.73,0,50,0.5,24046345,66053
282,2,战士,132,71610.95,4940.44,5451.52,1703.6,720.72,669.26,184.11,1.83,184,961,720.72,0,50,0.5,26450979,70676
283,2,战士,133,75191.5,5138.06,5669.58,1771.74,742.34,682.64,185.95,1.83,186,965.81,742.34,0,50,0.5,29096077,75624
284,2,战士,134,78951.07,5343.58,5896.36,1842.61,764.61,696.29,187.81,1.83,188,970.64,764.61,0,50,0.5,32005685,80917
285,2,战士,135,82898.62,5557.32,6132.22,1916.32,787.55,710.22,189.69,1.83,190,975.49,787.55,0,50,0.5,35206253,86582
286,2,战士,136,87043.56,5779.61,6377.5,1992.97,811.18,724.42,191.58,1.84,192,980.37,811.18,0,50,0.5,38726879,92642
287,2,战士,137,91395.73,6010.8,6632.6,2072.69,835.51,738.91,193.5,1.84,193,985.27,835.51,0,50,0.5,42599567,99127
288,2,战士,138,95965.52,6251.23,6897.91,2155.6,860.58,753.69,195.43,1.84,195,990.19,860.58,0,50,0.5,46859523,106066
289,2,战士,139,100763.8,6501.28,7173.83,2241.82,886.4,768.77,197.39,1.84,197,995.15,886.4,0,50,0.5,51545476,113491
290,2,战士,140,105801.99,6761.33,7460.78,2331.49,912.99,784.14,199.36,1.85,199,1000.12,912.99,0,50,0.5,56700023,121435
291,2,战士,141,111092.08,7031.78,7759.21,2424.75,940.38,799.82,201.35,1.85,201,1005.12,940.38,0,50,0.5,62370026,129936
292,2,战士,142,116646.69,7313.05,8069.58,2521.74,968.59,815.82,203.37,1.85,203,1010.15,968.59,0,50,0.5,68607028,139031
293,2,战士,143,122479.02,7605.58,8392.36,2622.61,997.65,832.14,205.4,1.86,205,1015.2,997.65,0,50,0.5,75467731,148764
294,2,战士,144,128602.97,7909.8,8728.06,2727.52,1027.58,848.78,207.46,1.86,207,1020.27,1027.58,0,50,0.5,83014504,159177
295,2,战士,145,135033.12,8226.19,9077.18,2836.62,1058.4,865.75,209.53,1.86,210,1025.38,1058.4,0,50,0.5,91315954,170319
296,2,战士,146,141784.78,8555.24,9440.26,2950.08,1090.16,883.07,211.63,1.86,212,1030.5,1090.16,0,50,0.5,100447550,182242
297,2,战士,147,148874.02,8897.45,9817.88,3068.09,1122.86,900.73,213.74,1.87,214,1035.65,1122.86,0,50,0.5,110492305,194999
298,2,战士,148,156317.72,9253.35,10210.59,3190.81,1156.55,918.75,215.88,1.87,216,1040.83,1156.55,0,50,0.5,121541535,208649
299,2,战士,149,164133.61,9623.48,10619.01,3318.44,1191.24,937.12,218.04,1.87,218,1046.04,1191.24,0,50,0.5,133695689,223254
300,2,战士,150,172340.29,10008.42,11043.77,3451.18,1226.98,955.86,220.22,1.88,220,1051.27,1226.98,0,50,0.5,0,238882
301,3,骑士,1,150,25,27,10,25,30,30,1.5,50,480,25,0,50,0.5,100,10
302,3,骑士,2,157.5,26,28.08,10.4,25.75,30.6,30.3,1.5,51,482.4,25.75,0,50,0.5,110,11
303,3,骑士,3,165.38,27.04,29.2,10.82,26.52,31.21,30.6,1.5,51,484.81,26.52,0,50,0.5,121,11
304,3,骑士,4,173.64,28.12,30.37,11.25,27.32,31.84,30.91,1.51,52,487.24,27.32,0,50,0.5,133,12
305,3,骑士,5,182.33,29.25,31.59,11.7,28.14,32.47,31.22,1.51,52,489.67,28.14,0,50,0.5,146,13
306,3,骑士,6,191.44,30.42,32.85,12.17,28.98,33.12,31.53,1.51,53,492.12,28.98,0,50,0.5,161,14
307,3,骑士,7,201.01,31.63,34.16,12.65,29.85,33.78,31.85,1.51,53,494.58,29.85,0,50,0.5,177,15
308,3,骑士,8,211.07,32.9,35.53,13.16,30.75,34.46,32.16,1.52,54,497.05,30.75,0,50,0.5,195,16
309,3,骑士,9,221.62,34.21,36.95,13.69,31.67,35.15,32.49,1.52,54,499.54,31.67,0,50,0.5,214,17
310,3,骑士,10,232.7,35.58,38.43,14.23,32.62,35.85,32.81,1.52,55,502.04,32.62,0,50,0.5,236,18
311,3,骑士,11,244.33,37.01,39.97,14.8,33.6,36.57,33.14,1.52,55,504.55,33.6,0,50,0.5,259,20
312,3,骑士,12,256.55,38.49,41.57,15.39,34.61,37.3,33.47,1.52,56,507.07,34.61,0,50,0.5,285,21
313,3,骑士,13,269.38,40.03,43.23,16.01,35.64,38.05,33.8,1.53,56,509.61,35.64,0,50,0.5,314,23
314,3,骑士,14,282.85,41.63,44.96,16.65,36.71,38.81,34.14,1.53,57,512.15,36.71,0,50,0.5,345,24
315,3,骑士,15,296.99,43.29,46.76,17.32,37.81,39.58,34.48,1.53,57,514.71,37.81,0,50,0.5,380,26
316,3,骑士,16,311.84,45.02,48.63,18.01,38.95,40.38,34.83,1.53,58,517.29,38.95,0,50,0.5,418,28
317,3,骑士,17,327.43,46.82,50.57,18.73,40.12,41.18,35.18,1.54,59,519.87,40.12,0,50,0.5,459,30
318,3,骑士,18,343.8,48.7,52.59,19.48,41.32,42.01,35.53,1.54,59,522.47,41.32,0,50,0.5,505,32
319,3,骑士,19,360.99,50.65,54.7,20.26,42.56,42.85,35.88,1.54,60,525.09,42.56,0,50,0.5,556,34
320,3,骑士,20,379.04,52.67,56.88,21.07,43.84,43.7,36.24,1.54,60,527.71,43.84,0,50,0.5,612,36
321,3,骑士,21,397.99,54.78,59.16,21.91,45.15,44.58,36.61,1.55,61,530.35,45.15,0,50,0.5,673,39
322,3,骑士,22,417.89,56.97,61.53,22.79,46.51,45.47,36.97,1.55,62,533,46.51,0,50,0.5,740,41
323,3,骑士,23,438.79,59.25,63.99,23.7,47.9,46.38,37.34,1.55,62,535.67,47.9,0,50,0.5,814,44
324,3,骑士,24,460.73,61.62,66.55,24.65,49.34,47.31,37.71,1.55,63,538.34,49.34,0,50,0.5,895,47
325,3,骑士,25,483.76,64.08,69.21,25.63,50.82,48.25,38.09,1.55,63,541.04,50.82,0,50,0.5,985,51
326,3,骑士,26,507.95,66.65,71.98,26.66,52.34,49.22,38.47,1.56,64,543.74,52.34,0,50,0.5,1083,54
327,3,骑士,27,533.35,69.31,74.86,27.72,53.91,50.2,38.86,1.56,65,546.46,53.91,0,50,0.5,1192,58
328,3,骑士,28,560.02,72.08,77.85,28.83,55.53,51.21,39.25,1.56,65,549.19,55.53,0,50,0.5,1311,62
329,3,骑士,29,588.02,74.97,80.96,29.99,57.2,52.23,39.64,1.56,66,551.94,57.2,0,50,0.5,1442,66
330,3,骑士,30,617.42,77.97,84.2,31.19,58.91,53.28,40.04,1.57,67,554.7,58.91,0,50,0.5,1586,71
331,3,骑士,31,648.29,81.08,87.57,32.43,60.68,54.34,40.44,1.57,67,557.47,60.68,0,50,0.5,1745,76
332,3,骑士,32,680.71,84.33,91.07,33.73,62.5,55.43,40.84,1.57,68,560.26,62.5,0,50,0.5,1919,81
333,3,骑士,33,714.74,87.7,94.72,35.08,64.38,56.54,41.25,1.57,69,563.06,64.38,0,50,0.5,2111,87
334,3,骑士,34,750.48,91.21,98.51,36.48,66.31,57.67,41.66,1.58,69,565.88,66.31,0,50,0.5,2323,93
335,3,骑士,35,788,94.86,102.45,37.94,68.3,58.82,42.08,1.58,70,568.71,68.3,0,50,0.5,2555,100
336,3,骑士,36,827.4,98.65,106.54,39.46,70.35,60,42.5,1.58,71,571.55,70.35,0,50,0.5,2810,107
337,3,骑士,37,868.77,102.6,110.81,41.04,72.46,61.2,42.92,1.58,72,574.41,72.46,0,50,0.5,3091,114
338,3,骑士,38,912.21,106.7,115.24,42.68,74.63,62.42,43.35,1.59,72,577.28,74.63,0,50,0.5,3400,122
339,3,骑士,39,957.82,110.97,119.85,44.39,76.87,63.67,43.79,1.59,73,580.17,76.87,0,50,0.5,3740,131
340,3,骑士,40,1005.71,115.41,124.64,46.16,79.18,64.94,44.22,1.59,74,583.07,79.18,0,50,0.5,4114,140
341,3,骑士,41,1056,120.03,129.63,48.01,81.55,66.24,44.67,1.59,74,585.98,81.55,0,50,0.5,4526,150
342,3,骑士,42,1108.8,124.83,134.81,49.93,84,67.57,45.11,1.6,75,588.91,84,0,50,0.5,4979,160
343,3,骑士,43,1164.24,129.82,140.21,51.93,86.52,68.92,45.56,1.6,76,591.86,86.52,0,50,0.5,5476,171
344,3,骑士,44,1222.45,135.01,145.81,54,89.11,70.3,46.02,1.6,77,594.81,89.11,0,50,0.5,6024,183
345,3,骑士,45,1283.57,140.41,151.65,56.17,91.79,71.7,46.48,1.6,77,597.79,91.79,0,50,0.5,6626,196
346,3,骑士,46,1347.75,146.03,157.71,58.41,94.54,73.14,46.94,1.6,78,600.78,94.54,0,50,0.5,7289,210
347,3,骑士,47,1415.14,151.87,164.02,60.75,97.38,74.6,47.41,1.61,79,603.78,97.38,0,50,0.5,8018,225
348,3,骑士,48,1485.9,157.95,170.58,63.18,100.3,76.09,47.89,1.61,80,606.8,100.3,0,50,0.5,8820,240
349,3,骑士,49,1560.19,164.26,177.4,65.71,103.31,77.61,48.37,1.61,81,609.83,103.31,0,50,0.5,9702,257
350,3,骑士,50,1638.2,170.83,184.5,68.33,106.41,79.16,48.85,1.61,81,612.88,106.41,0,50,0.5,10672,275
351,3,骑士,51,1720.11,177.67,191.88,71.07,109.6,80.75,49.34,1.62,82,615.95,109.6,0,50,0.5,11739,295
352,3,骑士,52,1806.12,184.77,199.56,73.91,112.89,82.36,49.83,1.62,83,619.03,112.89,0,50,0.5,12913,315
353,3,骑士,53,1896.42,192.16,207.54,76.87,116.27,84.01,50.33,1.62,84,622.12,116.27,0,50,0.5,14204,337
354,3,骑士,54,1991.24,199.85,215.84,79.94,119.76,85.69,50.83,1.62,85,625.23,119.76,0,50,0.5,15625,361
355,3,骑士,55,2090.8,207.85,224.47,83.14,123.35,87.4,51.34,1.63,86,628.36,123.35,0,50,0.5,17187,386
356,3,骑士,56,2195.34,216.16,233.45,86.46,127.05,89.15,51.86,1.63,86,631.5,127.05,0,50,0.5,18906,413
357,3,骑士,57,2305.11,224.81,242.79,89.92,130.87,90.93,52.37,1.63,87,634.66,130.87,0,50,0.5,20797,442
358,3,骑士,58,2420.37,233.8,252.5,93.52,134.79,92.75,52.9,1.63,88,637.83,134.79,0,50,0.5,22876,473
359,3,骑士,59,2541.39,243.15,262.6,97.26,138.84,94.61,53.43,1.64,89,641.02,138.84,0,50,0.5,25164,506
360,3,骑士,60,2668.46,252.88,273.11,101.15,143,96.5,53.96,1.64,90,644.23,143,0,50,0.5,27680,542
361,3,骑士,61,2801.88,262.99,284.03,105.2,147.29,98.43,54.5,1.64,91,647.45,147.29,0,50,0.5,30448,579
362,3,骑士,62,2941.97,273.51,295.39,109.4,151.71,100.4,55.05,1.64,92,650.69,151.71,0,50,0.5,33493,620
363,3,骑士,63,3089.07,284.45,307.21,113.78,156.26,102.41,55.6,1.65,93,653.94,156.26,0,50,0.5,36842,663
364,3,骑士,64,3243.52,295.83,319.5,118.33,160.95,104.46,56.15,1.65,94,657.21,160.95,0,50,0.5,40527,710
365,3,骑士,65,3405.7,307.66,332.27,123.06,165.78,106.54,56.71,1.65,95,660.49,165.78,0,50,0.5,44579,760
366,3,骑士,66,3575.99,319.97,345.57,127.99,170.75,108.68,57.28,1.65,95,663.8,170.75,0,50,0.5,49037,813
367,3,骑士,67,3754.78,332.77,359.39,133.11,175.87,110.85,57.85,1.66,96,667.12,175.87,0,50,0.5,53941,870
368,3,骑士,68,3942.52,346.08,373.76,138.43,181.15,113.07,58.43,1.66,97,670.45,181.15,0,50,0.5,59335,930
369,3,骑士,69,4139.65,359.92,388.71,143.97,186.58,115.33,59.02,1.66,98,673.8,186.58,0,50,0.5,65268,996
370,3,骑士,70,4346.63,374.32,404.26,149.73,192.18,117.63,59.61,1.66,99,677.17,192.18,0,50,0.5,71795,1065
371,3,骑士,71,4563.96,389.29,420.43,155.72,197.95,119.99,60.2,1.67,100,680.56,197.95,0,50,0.5,78975,1140
372,3,骑士,72,4792.16,404.86,437.25,161.94,203.88,122.39,60.8,1.67,101,683.96,203.88,0,50,0.5,86872,1220
373,3,骑士,73,5031.77,421.06,454.74,168.42,210,124.83,61.41,1.67,102,687.38,210,0,50,0.5,95559,1305
374,3,骑士,74,5283.36,437.9,472.93,175.16,216.3,127.33,62.03,1.67,103,690.82,216.3,0,50,0.5,105115,1396
375,3,骑士,75,5547.53,455.41,491.85,182.17,222.79,129.88,62.65,1.68,104,694.27,222.79,0,50,0.5,115627,1494
376,3,骑士,76,5824.9,473.63,511.52,189.45,229.47,132.48,63.27,1.68,105,697.74,229.47,0,50,0.5,127190,1599
377,3,骑士,77,6116.15,492.58,531.98,197.03,236.36,135.12,63.91,1.68,107,701.23,236.36,0,50,0.5,139908,1711
378,3,骑士,78,6421.96,512.28,553.26,204.91,243.45,137.83,64.55,1.68,108,704.74,243.45,0,50,0.5,153899,1830
379,3,骑士,79,6743.05,532.77,575.39,213.11,250.75,140.58,65.19,1.69,109,708.26,250.75,0,50,0.5,169289,1959
380,3,骑士,80,7080.21,554.08,598.41,221.63,258.27,143.4,65.84,1.69,110,711.8,258.27,0,50,0.5,186218,2096
381,3,骑士,81,7434.22,576.24,622.34,230.5,266.02,146.26,66.5,1.69,111,715.36,266.02,0,50,0.5,204840,2242
382,3,骑士,82,7805.93,599.29,647.24,239.72,274,149.19,67.17,1.69,112,718.94,274,0,50,0.5,225324,2399
383,3,骑士,83,8196.22,623.27,673.13,249.31,282.22,152.17,67.84,1.7,113,722.53,282.22,0,50,0.5,247856,2567
384,3,骑士,84,8606.03,648.2,700.05,259.28,290.69,155.22,68.52,1.7,114,726.15,290.69,0,50,0.5,272642,2747
385,3,骑士,85,9036.34,674.13,728.06,269.65,299.41,158.32,69.2,1.7,115,729.78,299.41,0,50,0.5,299906,2939
386,3,骑士,86,9488.15,701.09,757.18,280.44,308.39,161.49,69.89,1.7,116,733.43,308.39,0,50,0.5,329897,3145
387,3,骑士,87,9962.56,729.13,787.46,291.65,317.64,164.72,70.59,1.71,118,737.09,317.64,0,50,0.5,362887,3365
388,3,骑士,88,10460.69,758.3,818.96,303.32,327.17,168.01,71.3,1.71,119,740.78,327.17,0,50,0.5,399175,3601
389,3,骑士,89,10983.72,788.63,851.72,315.45,336.99,171.37,72.01,1.71,120,744.48,336.99,0,50,0.5,439093,3853
390,3,骑士,90,11532.91,820.18,885.79,328.07,347.1,174.8,72.73,1.71,121,748.21,347.1,0,50,0.5,483002,4122
391,3,骑士,91,12109.55,852.98,921.22,341.19,357.51,178.29,73.46,1.72,122,751.95,357.51,0,50,0.5,531302,4411
392,3,骑士,92,12715.03,887.1,958.07,354.84,368.24,181.86,74.19,1.72,124,755.71,368.24,0,50,0.5,584432,4720
393,3,骑士,93,13350.78,922.59,996.39,369.03,379.28,185.5,74.94,1.72,125,759.48,379.28,0,50,0.5,642876,5050
394,3,骑士,94,14018.32,959.49,1036.25,383.8,390.66,189.21,75.68,1.72,126,763.28,390.66,0,50,0.5,707163,5404
395,3,骑士,95,14719.24,997.87,1077.7,399.15,402.38,192.99,76.44,1.73,127,767.1,402.38,0,50,0.5,777880,5782
396,3,骑士,96,15455.2,1037.78,1120.81,415.11,414.45,196.85,77.21,1.73,129,770.93,414.45,0,50,0.5,855668,6187
397,3,骑士,97,16227.96,1079.3,1165.64,431.72,426.89,200.79,77.98,1.73,130,774.79,426.89,0,50,0.5,941234,6620
398,3,骑士,98,17039.36,1122.47,1212.27,448.99,439.69,204.8,78.76,1.73,131,778.66,439.69,0,50,0.5,1035358,7083
399,3,骑士,99,17891.33,1167.37,1260.76,466.95,452.89,208.9,79.55,1.74,133,782.56,452.89,0,50,0.5,1138894,7579
400,3,骑士,100,18785.89,1214.06,1311.19,485.62,466.47,213.08,80.34,1.74,134,786.47,466.47,0,50,0.5,1252783,8109
401,3,骑士,101,19725.19,1262.62,1363.63,505.05,480.47,217.34,81.14,1.74,135,790.4,480.47,0,50,0.5,1378061,8677
402,3,骑士,102,20711.45,1313.13,1418.18,525.25,494.88,221.69,81.96,1.75,137,794.35,494.88,0,50,0.5,1515867,9285
403,3,骑士,103,21747.02,1365.65,1474.91,546.26,509.73,226.12,82.78,1.75,138,798.32,509.73,0,50,0.5,1667454,9934
404,3,骑士,104,22834.37,1420.28,1533.9,568.11,525.02,230.64,83.6,1.75,139,802.32,525.02,0,50,0.5,1834200,10630
405,3,骑士,105,23976.09,1477.09,1595.26,590.84,540.77,235.26,84.44,1.75,141,806.33,540.77,0,50,0.5,2017619,11374
406,3,骑士,106,25174.89,1536.17,1659.07,614.47,556.99,239.96,85.28,1.76,142,810.36,556.99,0,50,0.5,2219381,12170
407,3,骑士,107,26433.64,1597.62,1725.43,639.05,573.7,244.76,86.14,1.76,144,814.41,573.7,0,50,0.5,2441320,13022
408,3,骑士,108,27755.32,1661.53,1794.45,664.61,590.91,249.65,87,1.76,145,818.48,590.91,0,50,0.5,2685451,13934
409,3,骑士,109,29143.09,1727.99,1866.23,691.2,608.64,254.65,87.87,1.76,146,822.58,608.64,0,50,0.5,2953997,14909
410,3,骑士,110,30600.24,1797.11,1940.88,718.84,626.9,259.74,88.75,1.77,148,826.69,626.9,0,50,0.5,3249396,15953
411,3,骑士,111,32130.25,1868.99,2018.51,747.6,645.71,264.94,89.63,1.77,149,830.82,645.71,0,50,0.5,3574336,17069
412,3,骑士,112,33736.77,1943.75,2099.25,777.5,665.08,270.23,90.53,1.77,151,834.98,665.08,0,50,0.5,3931770,18264
413,3,骑士,113,35423.6,2021.5,2183.22,808.6,685.03,275.64,91.44,1.77,152,839.15,685.03,0,50,0.5,4324946,19543
414,3,骑士,114,37194.79,2102.36,2270.55,840.94,705.58,281.15,92.35,1.78,154,843.35,705.58,0,50,0.5,4757441,20911
415,3,骑士,115,39054.52,2186.46,2361.37,874.58,726.75,286.77,93.27,1.78,155,847.56,726.75,0,50,0.5,5233185,22374
416,3,骑士,116,41007.25,2273.91,2455.83,909.57,748.55,292.51,94.21,1.78,157,851.8,748.55,0,50,0.5,5756504,23941
417,3,骑士,117,43057.61,2364.87,2554.06,945.95,771.01,298.36,95.15,1.78,159,856.06,771.01,0,50,0.5,6332154,25616
418,3,骑士,118,45210.49,2459.47,2656.22,983.79,794.14,304.33,96.1,1.79,160,860.34,794.14,0,50,0.5,6965370,27410
419,3,骑士,119,47471.02,2557.84,2762.47,1023.14,817.96,310.41,97.06,1.79,162,864.64,817.96,0,50,0.5,7661907,29328
420,3,骑士,120,49844.57,2660.16,2872.97,1064.06,842.5,316.62,98.03,1.79,163,868.97,842.5,0,50,0.5,8428097,31381
421,3,骑士,121,52336.8,2766.56,2987.89,1106.63,867.77,322.95,99.01,1.8,165,873.31,867.77,0,50,0.5,9270907,33578
422,3,骑士,122,54953.64,2877.23,3107.4,1150.89,893.81,329.41,100,1.8,167,877.68,893.81,0,50,0.5,10197998,35928
423,3,骑士,123,57701.32,2992.32,3231.7,1196.93,920.62,336,101,1.8,168,882.07,920.62,0,50,0.5,11217797,38443
424,3,骑士,124,60586.39,3112.01,3360.97,1244.8,948.24,342.72,102.01,1.8,170,886.48,948.24,0,50,0.5,12339577,41134
425,3,骑士,125,63615.7,3236.49,3495.41,1294.6,976.69,349.58,103.03,1.81,172,890.91,976.69,0,50,0.5,13573535,44014
426,3,骑士,126,66796.49,3365.95,3635.22,1346.38,1005.99,356.57,104.06,1.81,173,895.36,1005.99,0,50,0.5,14930888,47095
427,3,骑士,127,70136.31,3500.59,3780.63,1400.23,1036.17,363.7,105.1,1.81,175,899.84,1036.17,0,50,0.5,16423977,50391
428,3,骑士,128,73643.13,3640.61,3931.86,1456.24,1067.25,370.97,106.15,1.81,177,904.34,1067.25,0,50,0.5,18066375,53919
429,3,骑士,129,77325.29,3786.23,4089.13,1514.49,1099.27,378.39,107.22,1.82,179,908.86,1099.27,0,50,0.5,19873012,57693
430,3,骑士,130,81191.55,3937.68,4252.7,1575.07,1132.25,385.96,108.29,1.82,180,913.4,1132.25,0,50,0.5,21860313,61732
431,3,骑士,131,85251.13,4095.19,4422.81,1638.08,1166.22,393.68,109.37,1.82,182,917.97,1166.22,0,50,0.5,24046345,66053
432,3,骑士,132,89513.69,4259,4599.72,1703.6,1201.2,401.55,110.46,1.83,184,922.56,1201.2,0,50,0.5,26450979,70676
433,3,骑士,133,93989.37,4429.36,4783.71,1771.74,1237.24,409.58,111.57,1.83,186,927.17,1237.24,0,50,0.5,29096077,75624
434,3,骑士,134,98688.84,4606.53,4975.06,1842.61,1274.36,417.78,112.68,1.83,188,931.81,1274.36,0,50,0.5,32005685,80917
435,3,骑士,135,103623.28,4790.79,5174.06,1916.32,1312.59,426.13,113.81,1.83,190,936.47,1312.59,0,50,0.5,35206253,86582
436,3,骑士,136,108804.44,4982.43,5381.02,1992.97,1351.96,434.65,114.95,1.84,192,941.15,1351.96,0,50,0.5,38726879,92642
437,3,骑士,137,114244.67,5181.72,5596.26,2072.69,1392.52,443.35,116.1,1.84,193,945.86,1392.52,0,50,0.5,42599567,99127
438,3,骑士,138,119956.9,5388.99,5820.11,2155.6,1434.3,452.21,117.26,1.84,195,950.59,1434.3,0,50,0.5,46859523,106066
439,3,骑士,139,125954.74,5604.55,6052.92,2241.82,1477.33,461.26,118.43,1.84,197,955.34,1477.33,0,50,0.5,51545476,113491
440,3,骑士,140,132252.48,5828.73,6295.03,2331.49,1521.65,470.48,119.62,1.85,199,960.12,1521.65,0,50,0.5,56700023,121435
441,3,骑士,141,138865.11,6061.88,6546.83,2424.75,1567.3,479.89,120.81,1.85,201,964.92,1567.3,0,50,0.5,62370026,129936
442,3,骑士,142,145808.36,6304.36,6808.71,2521.74,1614.32,489.49,122.02,1.85,203,969.74,1614.32,0,50,0.5,68607028,139031
443,3,骑士,143,153098.78,6556.53,7081.05,2622.61,1662.75,499.28,123.24,1.86,205,974.59,1662.75,0,50,0.5,75467731,148764
444,3,骑士,144,160753.72,6818.79,7364.3,2727.52,1712.63,509.27,124.47,1.86,207,979.46,1712.63,0,50,0.5,83014504,159177
445,3,骑士,145,168791.4,7091.55,7658.87,2836.62,1764.01,519.45,125.72,1.86,210,984.36,1764.01,0,50,0.5,91315954,170319
446,3,骑士,146,177230.97,7375.21,7965.22,2950.08,1816.93,529.84,126.98,1.86,212,989.28,1816.93,0,50,0.5,100447550,182242
447,3,骑士,147,186092.52,7670.22,8283.83,3068.09,1871.44,540.44,128.25,1.87,214,994.23,1871.44,0,50,0.5,110492305,194999
448,3,骑士,148,195397.15,7977.02,8615.19,3190.81,1927.58,551.25,129.53,1.87,216,999.2,1927.58,0,50,0.5,121541535,208649
449,3,骑士,149,205167.01,8296.1,8959.79,3318.44,1985.41,562.27,130.82,1.87,218,1004.2,1985.41,0,50,0.5,133695689,223254
450,3,骑士,150,215425.36,8627.95,9318.18,3451.18,2044.97,573.52,132.13,1.88,220,1009.22,2044.97,0,50,0.5,0,238882
451,4,法师,1,100,15,18,30,15,50,50,1.5,100,500,25,0,50,0.5,100,10
452,4,法师,2,105,15.6,18.72,31.2,15.45,51,50.5,1.5,101,502.5,25.75,0,50,0.5,110,11
453,4,法师,3,110.25,16.22,19.47,32.45,15.91,52.02,51.01,1.5,102,505.01,26.52,0,50,0.5,121,11
454,4,法师,4,115.76,16.87,20.25,33.75,16.39,53.06,51.52,1.51,103,507.54,27.32,0,50,0.5,133,12
455,4,法师,5,121.55,17.55,21.06,35.1,16.88,54.12,52.03,1.51,104,510.08,28.14,0,50,0.5,146,13
456,4,法师,6,127.63,18.25,21.9,36.5,17.39,55.2,52.55,1.51,105,512.63,28.98,0,50,0.5,161,14
457,4,法师,7,134.01,18.98,22.78,37.96,17.91,56.31,53.08,1.51,106,515.19,29.85,0,50,0.5,177,15
458,4,法师,8,140.71,19.74,23.69,39.48,18.45,57.43,53.61,1.52,107,517.76,30.75,0,50,0.5,195,16
459,4,法师,9,147.75,20.53,24.63,41.06,19,58.58,54.14,1.52,108,520.35,31.67,0,50,0.5,214,17
460,4,法师,10,155.13,21.35,25.62,42.7,19.57,59.75,54.68,1.52,109,522.96,32.62,0,50,0.5,236,18
461,4,法师,11,162.89,22.2,26.64,44.41,20.16,60.95,55.23,1.52,110,525.57,33.6,0,50,0.5,259,20
462,4,法师,12,171.03,23.09,27.71,46.18,20.76,62.17,55.78,1.52,112,528.2,34.61,0,50,0.5,285,21
463,4,法师,13,179.59,24.02,28.82,48.03,21.39,63.41,56.34,1.53,113,530.84,35.64,0,50,0.5,314,23
464,4,法师,14,188.56,24.98,29.97,49.95,22.03,64.68,56.9,1.53,114,533.49,36.71,0,50,0.5,345,24
465,4,法师,15,197.99,25.98,31.17,51.95,22.69,65.97,57.47,1.53,115,536.16,37.81,0,50,0.5,380,26
466,4,法师,16,207.89,27.01,32.42,54.03,23.37,67.29,58.05,1.53,116,538.84,38.95,0,50,0.5,418,28
467,4,法师,17,218.29,28.09,33.71,56.19,24.07,68.64,58.63,1.54,117,541.54,40.12,0,50,0.5,459,30
468,4,法师,18,229.2,29.22,35.06,58.44,24.79,70.01,59.22,1.54,118,544.24,41.32,0,50,0.5,505,32
469,4,法师,19,240.66,30.39,36.46,60.77,25.54,71.41,59.81,1.54,120,546.96,42.56,0,50,0.5,556,34
470,4,法师,20,252.7,31.6,37.92,63.21,26.3,72.84,60.41,1.54,121,549.7,43.84,0,50,0.5,612,36
471,4,法师,21,265.33,32.87,39.44,65.73,27.09,74.3,61.01,1.55,122,552.45,45.15,0,50,0.5,673,39
472,4,法师,22,278.6,34.18,41.02,68.36,27.9,75.78,61.62,1.55,123,555.21,46.51,0,50,0.5,740,41
473,4,法师,23,292.53,35.55,42.66,71.1,28.74,77.3,62.24,1.55,124,557.99,47.9,0,50,0.5,814,44
474,4,法师,24,307.15,36.97,44.36,73.94,29.6,78.84,62.86,1.55,126,560.78,49.34,0,50,0.5,895,47
475,4,法师,25,322.51,38.45,46.14,76.9,30.49,80.42,63.49,1.55,127,563.58,50.82,0,50,0.5,985,51
476,4,法师,26,338.64,39.99,47.99,79.98,31.41,82.03,64.12,1.56,128,566.4,52.34,0,50,0.5,1083,54
477,4,法师,27,355.57,41.59,49.9,83.17,32.35,83.67,64.76,1.56,130,569.23,53.91,0,50,0.5,1192,58
478,4,法师,28,373.35,43.25,51.9,86.5,33.32,85.34,65.41,1.56,131,572.08,55.53,0,50,0.5,1311,62
479,4,法师,29,392.01,44.98,53.98,89.96,34.32,87.05,66.06,1.56,132,574.94,57.2,0,50,0.5,1442,66
480,4,法师,30,411.61,46.78,56.14,93.56,35.35,88.79,66.73,1.57,133,577.81,58.91,0,50,0.5,1586,71
481,4,法师,31,432.19,48.65,58.38,97.3,36.41,90.57,67.39,1.57,135,580.7,60.68,0,50,0.5,1745,76
482,4,法师,32,453.8,50.6,60.72,101.19,37.5,92.38,68.07,1.57,136,583.6,62.5,0,50,0.5,1919,81
483,4,法师,33,476.49,52.62,63.15,105.24,38.63,94.23,68.75,1.57,137,586.52,64.38,0,50,0.5,2111,87
484,4,法师,34,500.32,54.73,65.67,109.45,39.79,96.11,69.43,1.58,139,589.45,66.31,0,50,0.5,2323,93
485,4,法师,35,525.33,56.91,68.3,113.83,40.98,98.03,70.13,1.58,140,592.4,68.3,0,50,0.5,2555,100
486,4,法师,36,551.6,59.19,71.03,118.38,42.21,99.99,70.83,1.58,142,595.36,70.35,0,50,0.5,2810,107
487,4,法师,37,579.18,61.56,73.87,123.12,43.47,101.99,71.54,1.58,143,598.34,72.46,0,50,0.5,3091,114
488,4,法师,38,608.14,64.02,76.83,128.04,44.78,104.03,72.25,1.59,145,601.33,74.63,0,50,0.5,3400,122
489,4,法师,39,638.55,66.58,79.9,133.16,46.12,106.11,72.98,1.59,146,604.34,76.87,0,50,0.5,3740,131
490,4,法师,40,670.48,69.25,83.09,138.49,47.51,108.24,73.71,1.59,147,607.36,79.18,0,50,0.5,4114,140
491,4,法师,41,704,72.02,86.42,144.03,48.93,110.4,74.44,1.59,149,610.4,81.55,0,50,0.5,4526,150
492,4,法师,42,739.2,74.9,89.88,149.79,50.4,112.61,75.19,1.6,150,613.45,84,0,50,0.5,4979,160
493,4,法师,43,776.16,77.89,93.47,155.78,51.91,114.86,75.94,1.6,152,616.52,86.52,0,50,0.5,5476,171
494,4,法师,44,814.97,81.01,97.21,162.01,53.47,117.16,76.7,1.6,153,619.6,89.11,0,50,0.5,6024,183
495,4,法师,45,855.72,84.25,101.1,168.5,55.07,119.5,77.47,1.6,155,622.7,91.79,0,50,0.5,6626,196
496,4,法师,46,898.5,87.62,105.14,175.24,56.72,121.89,78.24,1.6,156,625.81,94.54,0,50,0.5,7289,210
497,4,法师,47,943.43,91.12,109.35,182.24,58.43,124.33,79.02,1.61,158,628.94,97.38,0,50,0.5,8018,225
498,4,法师,48,990.6,94.77,113.72,189.53,60.18,126.82,79.81,1.61,160,632.08,100.3,0,50,0.5,8820,240
499,4,法师,49,1040.13,98.56,118.27,197.12,61.98,129.35,80.61,1.61,161,635.24,103.31,0,50,0.5,9702,257
500,4,法师,50,1092.13,102.5,123,205,63.84,131.94,81.42,1.61,163,638.42,106.41,0,50,0.5,10672,275
501,4,法师,51,1146.74,106.6,127.92,213.2,65.76,134.58,82.23,1.62,164,641.61,109.6,0,50,0.5,11739,295
502,4,法师,52,1204.08,110.86,133.04,221.73,67.73,137.27,83.05,1.62,166,644.82,112.89,0,50,0.5,12913,315
503,4,法师,53,1264.28,115.3,138.36,230.6,69.76,140.02,83.88,1.62,168,648.05,116.27,0,50,0.5,14204,337
504,4,法师,54,1327.49,119.91,143.89,239.82,71.86,142.82,84.72,1.62,169,651.29,119.76,0,50,0.5,15625,361
505,4,法师,55,1393.87,124.71,149.65,249.41,74.01,145.67,85.57,1.63,171,654.54,123.35,0,50,0.5,17187,386
506,4,法师,56,1463.56,129.7,155.63,259.39,76.23,148.59,86.43,1.63,173,657.81,127.05,0,50,0.5,18906,413
507,4,法师,57,1536.74,134.88,161.86,269.77,78.52,151.56,87.29,1.63,175,661.1,130.87,0,50,0.5,20797,442
508,4,法师,58,1613.58,140.28,168.33,280.56,80.87,154.59,88.16,1.63,176,664.41,134.79,0,50,0.5,22876,473
509,4,法师,59,1694.26,145.89,175.07,291.78,83.3,157.68,89.05,1.64,178,667.73,138.84,0,50,0.5,25164,506
510,4,法师,60,1778.97,151.73,182.07,303.45,85.8,160.83,89.94,1.64,180,671.07,143,0,50,0.5,27680,542
511,4,法师,61,1867.92,157.79,189.35,315.59,88.37,164.05,90.83,1.64,182,674.43,147.29,0,50,0.5,30448,579
512,4,法师,62,1961.31,164.11,196.93,328.21,91.03,167.33,91.74,1.64,183,677.8,151.71,0,50,0.5,33493,620
513,4,法师,63,2059.38,170.67,204.8,341.34,93.76,170.68,92.66,1.65,185,681.19,156.26,0,50,0.5,36842,663
514,4,法师,64,2162.35,177.5,213,354.99,96.57,174.09,93.59,1.65,187,684.59,160.95,0,50,0.5,40527,710
515,4,法师,65,2270.47,184.6,221.52,369.19,99.47,177.57,94.52,1.65,189,688.02,165.78,0,50,0.5,44579,760
516,4,法师,66,2383.99,191.98,230.38,383.96,102.45,181.13,95.47,1.65,191,691.46,170.75,0,50,0.5,49037,813
517,4,法师,67,2503.19,199.66,239.59,399.32,105.52,184.75,96.42,1.66,193,694.91,175.87,0,50,0.5,53941,870
518,4,法师,68,2628.35,207.65,249.18,415.29,108.69,188.44,97.39,1.66,195,698.39,181.15,0,50,0.5,59335,930
519,4,法师,69,2759.77,215.95,259.14,431.91,111.95,192.21,98.36,1.66,197,701.88,186.58,0,50,0.5,65268,996
520,4,法师,70,2897.75,224.59,269.51,449.18,115.31,196.06,99.34,1.66,199,705.39,192.18,0,50,0.5,71795,1065
521,4,法师,71,3042.64,233.57,280.29,467.15,118.77,199.98,100.34,1.67,201,708.92,197.95,0,50,0.5,78975,1140
522,4,法师,72,3194.77,242.92,291.5,485.83,122.33,203.98,101.34,1.67,203,712.46,203.88,0,50,0.5,86872,1220
523,4,法师,73,3354.51,252.63,303.16,505.27,126,208.06,102.35,1.67,205,716.02,210,0,50,0.5,95559,1305
524,4,法师,74,3522.24,262.74,315.29,525.48,129.78,212.22,103.38,1.67,207,719.6,216.3,0,50,0.5,105115,1396
525,4,法师,75,3698.35,273.25,327.9,546.5,133.67,216.46,104.41,1.68,209,723.2,222.79,0,50,0.5,115627,1494
526,4,法师,76,3883.27,284.18,341.01,568.36,137.68,220.79,105.46,1.68,211,726.82,229.47,0,50,0.5,127190,1599
527,4,法师,77,4077.43,295.55,354.66,591.09,141.81,225.21,106.51,1.68,213,730.45,236.36,0,50,0.5,139908,1711
528,4,法师,78,4281.3,307.37,368.84,614.74,146.07,229.71,107.58,1.68,215,734.1,243.45,0,50,0.5,153899,1830
529,4,法师,79,4495.37,319.66,383.6,639.33,150.45,234.31,108.65,1.69,217,737.77,250.75,0,50,0.5,169289,1959
530,4,法师,80,4720.14,332.45,398.94,664.9,154.96,238.99,109.74,1.69,219,741.46,258.27,0,50,0.5,186218,2096
531,4,法师,81,4956.14,345.75,414.9,691.49,159.61,243.77,110.84,1.69,222,745.17,266.02,0,50,0.5,204840,2242
532,4,法师,82,5203.95,359.58,431.49,719.15,164.4,248.65,111.94,1.69,224,748.9,274,0,50,0.5,225324,2399
533,4,法师,83,5464.15,373.96,448.75,747.92,169.33,253.62,113.06,1.7,226,752.64,282.22,0,50,0.5,247856,2567
534,4,法师,84,5737.36,388.92,466.7,777.84,174.41,258.69,114.19,1.7,228,756.4,290.69,0,50,0.5,272642,2747
535,4,法师,85,6024.22,404.48,485.37,808.95,179.65,263.87,115.34,1.7,231,760.18,299.41,0,50,0.5,299906,2939
536,4,法师,86,6325.44,420.65,504.78,841.31,185.04,269.14,116.49,1.7,233,763.99,308.39,0,50,0.5,329897,3145
537,4,法师,87,6641.71,437.48,524.98,874.96,190.59,274.53,117.65,1.71,235,767.81,317.64,0,50,0.5,362887,3365
538,4,法师,88,6973.79,454.98,545.98,909.96,196.3,280.02,118.83,1.71,238,771.64,327.17,0,50,0.5,399175,3601
539,4,法师,89,7322.48,473.18,567.81,946.36,202.19,285.62,120.02,1.71,240,775.5,336.99,0,50,0.5,439093,3853
540,4,法师,90,7688.61,492.11,590.53,984.21,208.26,291.33,121.22,1.71,242,779.38,347.1,0,50,0.5,483002,4122
541,4,法师,91,8073.04,511.79,614.15,1023.58,214.51,297.16,122.43,1.72,245,783.28,357.51,0,50,0.5,531302,4411
542,4,法师,92,8476.69,532.26,638.71,1064.52,220.94,303.1,123.66,1.72,247,787.19,368.24,0,50,0.5,584432,4720
543,4,法师,93,8900.52,553.55,664.26,1107.1,227.57,309.16,124.89,1.72,250,791.13,379.28,0,50,0.5,642876,5050
544,4,法师,94,9345.55,575.69,690.83,1151.39,234.4,315.35,126.14,1.72,252,795.09,390.66,0,50,0.5,707163,5404
545,4,法师,95,9812.83,598.72,718.47,1197.44,241.43,321.65,127.4,1.73,255,799.06,402.38,0,50,0.5,777880,5782
546,4,法师,96,10303.47,622.67,747.2,1245.34,248.67,328.08,128.68,1.73,257,803.06,414.45,0,50,0.5,855668,6187
547,4,法师,97,10818.64,647.58,777.09,1295.16,256.13,334.65,129.96,1.73,260,807.07,426.89,0,50,0.5,941234,6620
548,4,法师,98,11359.57,673.48,808.18,1346.96,263.82,341.34,131.26,1.73,263,811.11,439.69,0,50,0.5,1035358,7083
549,4,法师,99,11927.55,700.42,840.5,1400.84,271.73,348.17,132.58,1.74,265,815.16,452.89,0,50,0.5,1138894,7579
550,4,法师,100,12523.93,728.44,874.12,1456.87,279.88,355.13,133.9,1.74,268,819.24,466.47,0,50,0.5,1252783,8109
551,4,法师,101,13150.13,757.57,909.09,1515.15,288.28,362.23,135.24,1.74,270,823.33,480.47,0,50,0.5,1378061,8677
552,4,法师,102,13807.63,787.88,945.45,1575.75,296.93,369.48,136.59,1.75,273,827.45,494.88,0,50,0.5,1515867,9285
553,4,法师,103,14498.01,819.39,983.27,1638.78,305.84,376.87,137.96,1.75,276,831.59,509.73,0,50,0.5,1667454,9934
554,4,法师,104,15222.91,852.17,1022.6,1704.34,315.01,384.4,139.34,1.75,279,835.75,525.02,0,50,0.5,1834200,10630
555,4,法师,105,15984.06,886.25,1063.51,1772.51,324.46,392.09,140.73,1.75,281,839.92,540.77,0,50,0.5,2017619,11374
556,4,法师,106,16783.26,921.7,1106.05,1843.41,334.19,399.93,142.14,1.76,284,844.12,556.99,0,50,0.5,2219381,12170
557,4,法师,107,17622.43,958.57,1150.29,1917.15,344.22,407.93,143.56,1.76,287,848.35,573.7,0,50,0.5,2441320,13022
558,4,法师,108,18503.55,996.92,1196.3,1993.83,354.55,416.09,145,1.76,290,852.59,590.91,0,50,0.5,2685451,13934
559,4,法师,109,19428.72,1036.79,1244.15,2073.59,365.18,424.41,146.45,1.76,293,856.85,608.64,0,50,0.5,2953997,14909
560,4,法师,110,20400.16,1078.26,1293.92,2156.53,376.14,432.9,147.91,1.77,296,861.13,626.9,0,50,0.5,3249396,15953
561,4,法师,111,21420.17,1121.39,1345.67,2242.79,387.42,441.56,149.39,1.77,299,865.44,645.71,0,50,0.5,3574336,17069
562,4,法师,112,22491.18,1166.25,1399.5,2332.5,399.05,450.39,150.88,1.77,302,869.77,665.08,0,50,0.5,3931770,18264
563,4,法师,113,23615.74,1212.9,1455.48,2425.8,411.02,459.4,152.39,1.77,305,874.12,685.03,0,50,0.5,4324946,19543
564,4,法师,114,24796.52,1261.42,1513.7,2522.83,423.35,468.59,153.92,1.78,308,878.49,705.58,0,50,0.5,4757441,20911
565,4,法师,115,26036.35,1311.87,1574.25,2623.75,436.05,477.96,155.46,1.78,311,882.88,726.75,0,50,0.5,5233185,22374
566,4,法师,116,27338.17,1364.35,1637.22,2728.7,449.13,487.52,157.01,1.78,314,887.29,748.55,0,50,0.5,5756504,23941
567,4,法师,117,28705.08,1418.92,1702.71,2837.84,462.6,497.27,158.58,1.78,317,891.73,771.01,0,50,0.5,6332154,25616
568,4,法师,118,30140.33,1475.68,1770.82,2951.36,476.48,507.21,160.17,1.79,320,896.19,794.14,0,50,0.5,6965370,27410
569,4,法师,119,31647.35,1534.71,1841.65,3069.41,490.78,517.36,161.77,1.79,324,900.67,817.96,0,50,0.5,7661907,29328
570,4,法师,120,33229.71,1596.09,1915.31,3192.19,505.5,527.7,163.39,1.79,327,905.17,842.5,0,50,0.5,8428097,31381
571,4,法师,121,34891.2,1659.94,1991.93,3319.88,520.66,538.26,165.02,1.8,330,909.7,867.77,0,50,0.5,9270907,33578
572,4,法师,122,36635.76,1726.34,2071.6,3452.67,536.28,549.02,166.67,1.8,333,914.25,893.81,0,50,0.5,10197998,35928
573,4,法师,123,38467.55,1795.39,2154.47,3590.78,552.37,560,168.34,1.8,337,918.82,920.62,0,50,0.5,11217797,38443
574,4,法师,124,40390.92,1867.2,2240.65,3734.41,568.94,571.2,170.02,1.8,340,923.41,948.24,0,50,0.5,12339577,41134
575,4,法师,125,42410.47,1941.89,2330.27,3883.79,586.01,582.63,171.72,1.81,343,928.03,976.69,0,50,0.5,13573535,44014
576,4,法师,126,44530.99,2019.57,2423.48,4039.14,603.59,594.28,173.44,1.81,347,932.67,1005.99,0,50,0.5,14930888,47095
577,4,法师,127,46757.54,2100.35,2520.42,4200.7,621.7,606.17,175.17,1.81,350,937.33,1036.17,0,50,0.5,16423977,50391
578,4,法师,128,49095.42,2184.37,2621.24,4368.73,640.35,618.29,176.92,1.81,354,942.02,1067.25,0,50,0.5,18066375,53919
579,4,法师,129,51550.19,2271.74,2726.09,4543.48,659.56,630.66,178.69,1.82,357,946.73,1099.27,0,50,0.5,19873012,57693
580,4,法师,130,54127.7,2362.61,2835.13,4725.22,679.35,643.27,180.48,1.82,361,951.46,1132.25,0,50,0.5,21860313,61732
581,4,法师,131,56834.09,2457.11,2948.54,4914.23,699.73,656.13,182.28,1.82,365,956.22,1166.22,0,50,0.5,24046345,66053
582,4,法师,132,59675.79,2555.4,3066.48,5110.8,720.72,669.26,184.11,1.83,368,961,1201.2,0,50,0.5,26450979,70676
583,4,法师,133,62659.58,2657.61,3189.14,5315.23,742.34,682.64,185.95,1.83,372,965.81,1237.24,0,50,0.5,29096077,75624
584,4,法师,134,65792.56,2763.92,3316.7,5527.84,764.61,696.29,187.81,1.83,376,970.64,1274.36,0,50,0.5,32005685,80917
585,4,法师,135,69082.19,2874.48,3449.37,5748.95,787.55,710.22,189.69,1.83,379,975.49,1312.59,0,50,0.5,35206253,86582
586,4,法师,136,72536.3,2989.46,3587.35,5978.91,811.18,724.42,191.58,1.84,383,980.37,1351.96,0,50,0.5,38726879,92642
587,4,法师,137,76163.11,3109.03,3730.84,6218.07,835.51,738.91,193.5,1.84,387,985.27,1392.52,0,50,0.5,42599567,99127
588,4,法师,138,79971.27,3233.39,3880.07,6466.79,860.58,753.69,195.43,1.84,391,990.19,1434.3,0,50,0.5,46859523,106066
589,4,法师,139,83969.83,3362.73,4035.28,6725.46,886.4,768.77,197.39,1.84,395,995.15,1477.33,0,50,0.5,51545476,113491
590,4,法师,140,88168.32,3497.24,4196.69,6994.48,912.99,784.14,199.36,1.85,399,1000.12,1521.65,0,50,0.5,56700023,121435
591,4,法师,141,92576.74,3637.13,4364.56,7274.26,940.38,799.82,201.35,1.85,403,1005.12,1567.3,0,50,0.5,62370026,129936
592,4,法师,142,97205.57,3782.61,4539.14,7565.23,968.59,815.82,203.37,1.85,407,1010.15,1614.32,0,50,0.5,68607028,139031
593,4,法师,143,102065.85,3933.92,4720.7,7867.84,997.65,832.14,205.4,1.86,411,1015.2,1662.75,0,50,0.5,75467731,148764
594,4,法师,144,107169.15,4091.28,4909.53,8182.55,1027.58,848.78,207.46,1.86,415,1020.27,1712.63,0,50,0.5,83014504,159177
595,4,法师,145,112527.6,4254.93,5105.91,8509.85,1058.4,865.75,209.53,1.86,419,1025.38,1764.01,0,50,0.5,91315954,170319
596,4,法师,146,118153.98,4425.12,5310.15,8850.25,1090.16,883.07,211.63,1.86,423,1030.5,1816.93,0,50,0.5,100447550,182242
597,4,法师,147,124061.68,4602.13,5522.55,9204.26,1122.86,900.73,213.74,1.87,427,1035.65,1871.44,0,50,0.5,110492305,194999
598,4,法师,148,130264.77,4786.21,5743.46,9572.43,1156.55,918.75,215.88,1.87,432,1040.83,1927.58,0,50,0.5,121541535,208649
599,4,法师,149,136778,4977.66,5973.2,9955.33,1191.24,937.12,218.04,1.87,436,1046.04,1985.41,0,50,0.5,133695689,223254
600,4,法师,150,143616.9,5176.77,6212.12,10353.54,1226.98,955.86,220.22,1.88,440,1051.27,2044.97,0,50,0.5,0,238882
601,5,无用之人,1,80,20,22,10,15,30,30,1.5,50,400,15,0,50,0.2,100,10
602,5,无用之人,2,84,20.8,22.88,10.4,15.45,30.6,30.3,1.5,51,402,15.45,0,50,0.2,110,11
603,5,无用之人,3,88.2,21.63,23.8,10.82,15.91,31.21,30.6,1.5,51,404.01,15.91,0,50,0.2,121,11
604,5,无用之人,4,92.61,22.5,24.75,11.25,16.39,31.84,30.91,1.51,52,406.03,16.39,0,50,0.2,133,12
605,5,无用之人,5,97.24,23.4,25.74,11.7,16.88,32.47,31.22,1.51,52,408.06,16.88,0,50,0.2,146,13
606,5,无用之人,6,102.1,24.33,26.77,12.17,17.39,33.12,31.53,1.51,53,410.1,17.39,0,50,0.2,161,14
607,5,无用之人,7,107.21,25.31,27.84,12.65,17.91,33.78,31.85,1.51,53,412.15,17.91,0,50,0.2,177,15
608,5,无用之人,8,112.57,26.32,28.95,13.16,18.45,34.46,32.16,1.52,54,414.21,18.45,0,50,0.2,195,16
609,5,无用之人,9,118.2,27.37,30.11,13.69,19,35.15,32.49,1.52,54,416.28,19,0,50,0.2,214,17
610,5,无用之人,10,124.11,28.47,31.31,14.23,19.57,35.85,32.81,1.52,55,418.36,19.57,0,50,0.2,236,18
611,5,无用之人,11,130.31,29.6,32.57,14.8,20.16,36.57,33.14,1.52,55,420.46,20.16,0,50,0.2,259,20
612,5,无用之人,12,136.83,30.79,33.87,15.39,20.76,37.3,33.47,1.52,56,422.56,20.76,0,50,0.2,285,21
613,5,无用之人,13,143.67,32.02,35.22,16.01,21.39,38.05,33.8,1.53,56,424.67,21.39,0,50,0.2,314,23
614,5,无用之人,14,150.85,33.3,36.63,16.65,22.03,38.81,34.14,1.53,57,426.79,22.03,0,50,0.2,345,24
615,5,无用之人,15,158.39,34.63,38.1,17.32,22.69,39.58,34.48,1.53,57,428.93,22.69,0,50,0.2,380,26
616,5,无用之人,16,166.31,36.02,39.62,18.01,23.37,40.38,34.83,1.53,58,431.07,23.37,0,50,0.2,418,28
617,5,无用之人,17,174.63,37.46,41.21,18.73,24.07,41.18,35.18,1.54,59,433.23,24.07,0,50,0.2,459,30
618,5,无用之人,18,183.36,38.96,42.85,19.48,24.79,42.01,35.53,1.54,59,435.39,24.79,0,50,0.2,505,32
619,5,无用之人,19,192.53,40.52,44.57,20.26,25.54,42.85,35.88,1.54,60,437.57,25.54,0,50,0.2,556,34
620,5,无用之人,20,202.16,42.14,46.35,21.07,26.3,43.7,36.24,1.54,60,439.76,26.3,0,50,0.2,612,36
621,5,无用之人,21,212.26,43.82,48.2,21.91,27.09,44.58,36.61,1.55,61,441.96,27.09,0,50,0.2,673,39
622,5,无用之人,22,222.88,45.58,50.13,22.79,27.9,45.47,36.97,1.55,62,444.17,27.9,0,50,0.2,740,41
623,5,无用之人,23,234.02,47.4,52.14,23.7,28.74,46.38,37.34,1.55,62,446.39,28.74,0,50,0.2,814,44
624,5,无用之人,24,245.72,49.29,54.22,24.65,29.6,47.31,37.71,1.55,63,448.62,29.6,0,50,0.2,895,47
625,5,无用之人,25,258.01,51.27,56.39,25.63,30.49,48.25,38.09,1.55,63,450.86,30.49,0,50,0.2,985,51
626,5,无用之人,26,270.91,53.32,58.65,26.66,31.41,49.22,38.47,1.56,64,453.12,31.41,0,50,0.2,1083,54
627,5,无用之人,27,284.45,55.45,60.99,27.72,32.35,50.2,38.86,1.56,65,455.38,32.35,0,50,0.2,1192,58
628,5,无用之人,28,298.68,57.67,63.43,28.83,33.32,51.21,39.25,1.56,65,457.66,33.32,0,50,0.2,1311,62
629,5,无用之人,29,313.61,59.97,65.97,29.99,34.32,52.23,39.64,1.56,66,459.95,34.32,0,50,0.2,1442,66
630,5,无用之人,30,329.29,62.37,68.61,31.19,35.35,53.28,40.04,1.57,67,462.25,35.35,0,50,0.2,1586,71
631,5,无用之人,31,345.76,64.87,71.35,32.43,36.41,54.34,40.44,1.57,67,464.56,36.41,0,50,0.2,1745,76
632,5,无用之人,32,363.04,67.46,74.21,33.73,37.5,55.43,40.84,1.57,68,466.88,37.5,0,50,0.2,1919,81
633,5,无用之人,33,381.2,70.16,77.18,35.08,38.63,56.54,41.25,1.57,69,469.22,38.63,0,50,0.2,2111,87
634,5,无用之人,34,400.26,72.97,80.26,36.48,39.79,57.67,41.66,1.58,69,471.56,39.79,0,50,0.2,2323,93
635,5,无用之人,35,420.27,75.89,83.47,37.94,40.98,58.82,42.08,1.58,70,473.92,40.98,0,50,0.2,2555,100
636,5,无用之人,36,441.28,78.92,86.81,39.46,42.21,60,42.5,1.58,71,476.29,42.21,0,50,0.2,2810,107
637,5,无用之人,37,463.35,82.08,90.29,41.04,43.47,61.2,42.92,1.58,72,478.67,43.47,0,50,0.2,3091,114
638,5,无用之人,38,486.51,85.36,93.9,42.68,44.78,62.42,43.35,1.59,72,481.07,44.78,0,50,0.2,3400,122
639,5,无用之人,39,510.84,88.78,97.65,44.39,46.12,63.67,43.79,1.59,73,483.47,46.12,0,50,0.2,3740,131
640,5,无用之人,40,536.38,92.33,101.56,46.16,47.51,64.94,44.22,1.59,74,485.89,47.51,0,50,0.2,4114,140
641,5,无用之人,41,563.2,96.02,105.62,48.01,48.93,66.24,44.67,1.59,74,488.32,48.93,0,50,0.2,4526,150
642,5,无用之人,42,591.36,99.86,109.85,49.93,50.4,67.57,45.11,1.6,75,490.76,50.4,0,50,0.2,4979,160
643,5,无用之人,43,620.93,103.86,114.24,51.93,51.91,68.92,45.56,1.6,76,493.21,51.91,0,50,0.2,5476,171
644,5,无用之人,44,651.97,108.01,118.81,54,53.47,70.3,46.02,1.6,77,495.68,53.47,0,50,0.2,6024,183
645,5,无用之人,45,684.57,112.33,123.56,56.17,55.07,71.7,46.48,1.6,77,498.16,55.07,0,50,0.2,6626,196
646,5,无用之人,46,718.8,116.82,128.51,58.41,56.72,73.14,46.94,1.6,78,500.65,56.72,0,50,0.2,7289,210
647,5,无用之人,47,754.74,121.5,133.65,60.75,58.43,74.6,47.41,1.61,79,503.15,58.43,0,50,0.2,8018,225
648,5,无用之人,48,792.48,126.36,138.99,63.18,60.18,76.09,47.89,1.61,80,505.67,60.18,0,50,0.2,8820,240
649,5,无用之人,49,832.1,131.41,144.55,65.71,61.98,77.61,48.37,1.61,81,508.2,61.98,0,50,0.2,9702,257
650,5,无用之人,50,873.71,136.67,150.33,68.33,63.84,79.16,48.85,1.61,81,510.74,63.84,0,50,0.2,10672,275
651,5,无用之人,51,917.39,142.13,156.35,71.07,65.76,80.75,49.34,1.62,82,513.29,65.76,0,50,0.2,11739,295
652,5,无用之人,52,963.26,147.82,162.6,73.91,67.73,82.36,49.83,1.62,83,515.86,67.73,0,50,0.2,12913,315
653,5,无用之人,53,1011.42,153.73,169.1,76.87,69.76,84.01,50.33,1.62,84,518.44,69.76,0,50,0.2,14204,337
654,5,无用之人,54,1062,159.88,175.87,79.94,71.86,85.69,50.83,1.62,85,521.03,71.86,0,50,0.2,15625,361
655,5,无用之人,55,1115.1,166.28,182.9,83.14,74.01,87.4,51.34,1.63,86,523.63,74.01,0,50,0.2,17187,386
656,5,无用之人,56,1170.85,172.93,190.22,86.46,76.23,89.15,51.86,1.63,86,526.25,76.23,0,50,0.2,18906,413
657,5,无用之人,57,1229.39,179.84,197.83,89.92,78.52,90.93,52.37,1.63,87,528.88,78.52,0,50,0.2,20797,442
658,5,无用之人,58,1290.86,187.04,205.74,93.52,80.87,92.75,52.9,1.63,88,531.53,80.87,0,50,0.2,22876,473
659,5,无用之人,59,1355.41,194.52,213.97,97.26,83.3,94.61,53.43,1.64,89,534.18,83.3,0,50,0.2,25164,506
660,5,无用之人,60,1423.18,202.3,222.53,101.15,85.8,96.5,53.96,1.64,90,536.86,85.8,0,50,0.2,27680,542
661,5,无用之人,61,1494.33,210.39,231.43,105.2,88.37,98.43,54.5,1.64,91,539.54,88.37,0,50,0.2,30448,579
662,5,无用之人,62,1569.05,218.81,240.69,109.4,91.03,100.4,55.05,1.64,92,542.24,91.03,0,50,0.2,33493,620
663,5,无用之人,63,1647.5,227.56,250.32,113.78,93.76,102.41,55.6,1.65,93,544.95,93.76,0,50,0.2,36842,663
664,5,无用之人,64,1729.88,236.66,260.33,118.33,96.57,104.46,56.15,1.65,94,547.67,96.57,0,50,0.2,40527,710
665,5,无用之人,65,1816.37,246.13,270.74,123.06,99.47,106.54,56.71,1.65,95,550.41,99.47,0,50,0.2,44579,760
666,5,无用之人,66,1907.19,255.97,281.57,127.99,102.45,108.68,57.28,1.65,95,553.16,102.45,0,50,0.2,49037,813
667,5,无用之人,67,2002.55,266.21,292.84,133.11,105.52,110.85,57.85,1.66,96,555.93,105.52,0,50,0.2,53941,870
668,5,无用之人,68,2102.68,276.86,304.55,138.43,108.69,113.07,58.43,1.66,97,558.71,108.69,0,50,0.2,59335,930
669,5,无用之人,69,2207.81,287.94,316.73,143.97,111.95,115.33,59.02,1.66,98,561.5,111.95,0,50,0.2,65268,996
670,5,无用之人,70,2318.2,299.45,329.4,149.73,115.31,117.63,59.61,1.66,99,564.31,115.31,0,50,0.2,71795,1065
671,5,无用之人,71,2434.11,311.43,342.58,155.72,118.77,119.99,60.2,1.67,100,567.13,118.77,0,50,0.2,78975,1140
672,5,无用之人,72,2555.82,323.89,356.28,161.94,122.33,122.39,60.8,1.67,101,569.97,122.33,0,50,0.2,86872,1220
673,5,无用之人,73,2683.61,336.85,370.53,168.42,126,124.83,61.41,1.67,102,572.82,126,0,50,0.2,95559,1305
674,5,无用之人,74,2817.79,350.32,385.35,175.16,129.78,127.33,62.03,1.67,103,575.68,129.78,0,50,0.2,105115,1396
675,5,无用之人,75,2958.68,364.33,400.77,182.17,133.67,129.88,62.65,1.68,104,578.56,133.67,0,50,0.2,115627,1494
676,5,无用之人,76,3106.61,378.91,416.8,189.45,137.68,132.48,63.27,1.68,105,581.45,137.68,0,50,0.2,127190,1599
677,5,无用之人,77,3261.95,394.06,433.47,197.03,141.81,135.12,63.91,1.68,107,584.36,141.81,0,50,0.2,139908,1711
678,5,无用之人,78,3425.04,409.82,450.81,204.91,146.07,137.83,64.55,1.68,108,587.28,146.07,0,50,0.2,153899,1830
679,5,无用之人,79,3596.3,426.22,468.84,213.11,150.45,140.58,65.19,1.69,109,590.22,150.45,0,50,0.2,169289,1959
680,5,无用之人,80,3776.11,443.27,487.59,221.63,154.96,143.4,65.84,1.69,110,593.17,154.96,0,50,0.2,186218,2096
681,5,无用之人,81,3964.92,461,507.1,230.5,159.61,146.26,66.5,1.69,111,596.14,159.61,0,50,0.2,204840,2242
682,5,无用之人,82,4163.16,479.44,527.38,239.72,164.4,149.19,67.17,1.69,112,599.12,164.4,0,50,0.2,225324,2399
683,5,无用之人,83,4371.32,498.61,548.47,249.31,169.33,152.17,67.84,1.7,113,602.11,169.33,0,50,0.2,247856,2567
684,5,无用之人,84,4589.89,518.56,570.41,259.28,174.41,155.22,68.52,1.7,114,605.12,174.41,0,50,0.2,272642,2747
685,5,无用之人,85,4819.38,539.3,593.23,269.65,179.65,158.32,69.2,1.7,115,608.15,179.65,0,50,0.2,299906,2939
686,5,无用之人,86,5060.35,560.87,616.96,280.44,185.04,161.49,69.89,1.7,116,611.19,185.04,0,50,0.2,329897,3145
687,5,无用之人,87,5313.37,583.31,641.64,291.65,190.59,164.72,70.59,1.71,118,614.24,190.59,0,50,0.2,362887,3365
688,5,无用之人,88,5579.03,606.64,667.3,303.32,196.3,168.01,71.3,1.71,119,617.32,196.3,0,50,0.2,399175,3601
689,5,无用之人,89,5857.99,630.9,694,315.45,202.19,171.37,72.01,1.71,120,620.4,202.19,0,50,0.2,439093,3853
690,5,无用之人,90,6150.88,656.14,721.76,328.07,208.26,174.8,72.73,1.71,121,623.5,208.26,0,50,0.2,483002,4122
691,5,无用之人,91,6458.43,682.39,750.63,341.19,214.51,178.29,73.46,1.72,122,626.62,214.51,0,50,0.2,531302,4411
692,5,无用之人,92,6781.35,709.68,780.65,354.84,220.94,181.86,74.19,1.72,124,629.75,220.94,0,50,0.2,584432,4720
693,5,无用之人,93,7120.42,738.07,811.88,369.03,227.57,185.5,74.94,1.72,125,632.9,227.57,0,50,0.2,642876,5050
694,5,无用之人,94,7476.44,767.59,844.35,383.8,234.4,189.21,75.68,1.72,126,636.07,234.4,0,50,0.2,707163,5404
695,5,无用之人,95,7850.26,798.3,878.13,399.15,241.43,192.99,76.44,1.73,127,639.25,241.43,0,50,0.2,777880,5782
696,5,无用之人,96,8242.77,830.23,913.25,415.11,248.67,196.85,77.21,1.73,129,642.44,248.67,0,50,0.2,855668,6187
697,5,无用之人,97,8654.91,863.44,949.78,431.72,256.13,200.79,77.98,1.73,130,645.66,256.13,0,50,0.2,941234,6620
698,5,无用之人,98,9087.66,897.97,987.77,448.99,263.82,204.8,78.76,1.73,131,648.89,263.82,0,50,0.2,1035358,7083
699,5,无用之人,99,9542.04,933.89,1027.28,466.95,271.73,208.9,79.55,1.74,133,652.13,271.73,0,50,0.2,1138894,7579
700,5,无用之人,100,10019.14,971.25,1068.37,485.62,279.88,213.08,80.34,1.74,134,655.39,279.88,0,50,0.2,1252783,8109
701,5,无用之人,101,10520.1,1010.1,1111.11,505.05,288.28,217.34,81.14,1.74,135,658.67,288.28,0,50,0.2,1378061,8677
702,5,无用之人,102,11046.11,1050.5,1155.55,525.25,296.93,221.69,81.96,1.75,137,661.96,296.93,0,50,0.2,1515867,9285
703,5,无用之人,103,11598.41,1092.52,1201.78,546.26,305.84,226.12,82.78,1.75,138,665.27,305.84,0,50,0.2,1667454,9934
704,5,无用之人,104,12178.33,1136.22,1249.85,568.11,315.01,230.64,83.6,1.75,139,668.6,315.01,0,50,0.2,1834200,10630
705,5,无用之人,105,12787.25,1181.67,1299.84,590.84,324.46,235.26,84.44,1.75,141,671.94,324.46,0,50,0.2,2017619,11374
706,5,无用之人,106,13426.61,1228.94,1351.83,614.47,334.19,239.96,85.28,1.76,142,675.3,334.19,0,50,0.2,2219381,12170
707,5,无用之人,107,14097.94,1278.1,1405.91,639.05,344.22,244.76,86.14,1.76,144,678.68,344.22,0,50,0.2,2441320,13022
708,5,无用之人,108,14802.84,1329.22,1462.14,664.61,354.55,249.65,87,1.76,145,682.07,354.55,0,50,0.2,2685451,13934
709,5,无用之人,109,15542.98,1382.39,1520.63,691.2,365.18,254.65,87.87,1.76,146,685.48,365.18,0,50,0.2,2953997,14909
710,5,无用之人,110,16320.13,1437.69,1581.45,718.84,376.14,259.74,88.75,1.77,148,688.91,376.14,0,50,0.2,3249396,15953
711,5,无用之人,111,17136.14,1495.19,1644.71,747.6,387.42,264.94,89.63,1.77,149,692.35,387.42,0,50,0.2,3574336,17069
712,5,无用之人,112,17992.94,1555,1710.5,777.5,399.05,270.23,90.53,1.77,151,695.81,399.05,0,50,0.2,3931770,18264
713,5,无用之人,113,18892.59,1617.2,1778.92,808.6,411.02,275.64,91.44,1.77,152,699.29,411.02,0,50,0.2,4324946,19543
714,5,无用之人,114,19837.22,1681.89,1850.08,840.94,423.35,281.15,92.35,1.78,154,702.79,423.35,0,50,0.2,4757441,20911
715,5,无用之人,115,20829.08,1749.16,1924.08,874.58,436.05,286.77,93.27,1.78,155,706.3,436.05,0,50,0.2,5233185,22374
716,5,无用之人,116,21870.53,1819.13,2001.04,909.57,449.13,292.51,94.21,1.78,157,709.83,449.13,0,50,0.2,5756504,23941
717,5,无用之人,117,22964.06,1891.9,2081.09,945.95,462.6,298.36,95.15,1.78,159,713.38,462.6,0,50,0.2,6332154,25616
718,5,无用之人,118,24112.26,1967.57,2164.33,983.79,476.48,304.33,96.1,1.79,160,716.95,476.48,0,50,0.2,6965370,27410
719,5,无用之人,119,25317.88,2046.28,2250.9,1023.14,490.78,310.41,97.06,1.79,162,720.54,490.78,0,50,0.2,7661907,29328
720,5,无用之人,120,26583.77,2128.13,2340.94,1064.06,505.5,316.62,98.03,1.79,163,724.14,505.5,0,50,0.2,8428097,31381
721,5,无用之人,121,27912.96,2213.25,2434.58,1106.63,520.66,322.95,99.01,1.8,165,727.76,520.66,0,50,0.2,9270907,33578
722,5,无用之人,122,29308.61,2301.78,2531.96,1150.89,536.28,329.41,100,1.8,167,731.4,536.28,0,50,0.2,10197998,35928
723,5,无用之人,123,30774.04,2393.85,2633.24,1196.93,552.37,336,101,1.8,168,735.05,552.37,0,50,0.2,11217797,38443
724,5,无用之人,124,32312.74,2489.61,2738.57,1244.8,568.94,342.72,102.01,1.8,170,738.73,568.94,0,50,0.2,12339577,41134
725,5,无用之人,125,33928.38,2589.19,2848.11,1294.6,586.01,349.58,103.03,1.81,172,742.42,586.01,0,50,0.2,13573535,44014
726,5,无用之人,126,35624.79,2692.76,2962.03,1346.38,603.59,356.57,104.06,1.81,173,746.14,603.59,0,50,0.2,14930888,47095
727,5,无用之人,127,37406.03,2800.47,3080.52,1400.23,621.7,363.7,105.1,1.81,175,749.87,621.7,0,50,0.2,16423977,50391
728,5,无用之人,128,39276.34,2912.49,3203.74,1456.24,640.35,370.97,106.15,1.81,177,753.62,640.35,0,50,0.2,18066375,53919
729,5,无用之人,129,41240.15,3028.99,3331.89,1514.49,659.56,378.39,107.22,1.82,179,757.38,659.56,0,50,0.2,19873012,57693
730,5,无用之人,130,43302.16,3150.15,3465.16,1575.07,679.35,385.96,108.29,1.82,180,761.17,679.35,0,50,0.2,21860313,61732
731,5,无用之人,131,45467.27,3276.15,3603.77,1638.08,699.73,393.68,109.37,1.82,182,764.98,699.73,0,50,0.2,24046345,66053
732,5,无用之人,132,47740.63,3407.2,3747.92,1703.6,720.72,401.55,110.46,1.83,184,768.8,720.72,0,50,0.2,26450979,70676
733,5,无用之人,133,50127.66,3543.49,3897.84,1771.74,742.34,409.58,111.57,1.83,186,772.65,742.34,0,50,0.2,29096077,75624
734,5,无用之人,134,52634.05,3685.23,4053.75,1842.61,764.61,417.78,112.68,1.83,188,776.51,764.61,0,50,0.2,32005685,80917
735,5,无用之人,135,55265.75,3832.64,4215.9,1916.32,787.55,426.13,113.81,1.83,190,780.39,787.55,0,50,0.2,35206253,86582
736,5,无用之人,136,58029.04,3985.94,4384.53,1992.97,811.18,434.65,114.95,1.84,192,784.29,811.18,0,50,0.2,38726879,92642
737,5,无用之人,137,60930.49,4145.38,4559.92,2072.69,835.51,443.35,116.1,1.84,193,788.21,835.51,0,50,0.2,42599567,99127
738,5,无用之人,138,63977.01,4311.19,4742.31,2155.6,860.58,452.21,117.26,1.84,195,792.16,860.58,0,50,0.2,46859523,106066
739,5,无用之人,139,67175.86,4483.64,4932,2241.82,886.4,461.26,118.43,1.84,197,796.12,886.4,0,50,0.2,51545476,113491
740,5,无用之人,140,70534.66,4662.99,5129.29,2331.49,912.99,470.48,119.62,1.85,199,800.1,912.99,0,50,0.2,56700023,121435
741,5,无用之人,141,74061.39,4849.51,5334.46,2424.75,940.38,479.89,120.81,1.85,201,804.1,940.38,0,50,0.2,62370026,129936
742,5,无用之人,142,77764.46,5043.49,5547.83,2521.74,968.59,489.49,122.02,1.85,203,808.12,968.59,0,50,0.2,68607028,139031
743,5,无用之人,143,81652.68,5245.23,5769.75,2622.61,997.65,499.28,123.24,1.86,205,812.16,997.65,0,50,0.2,75467731,148764
744,5,无用之人,144,85735.32,5455.03,6000.54,2727.52,1027.58,509.27,124.47,1.86,207,816.22,1027.58,0,50,0.2,83014504,159177
745,5,无用之人,145,90022.08,5673.24,6240.56,2836.62,1058.4,519.45,125.72,1.86,210,820.3,1058.4,0,50,0.2,91315954,170319
746,5,无用之人,146,94523.19,5900.17,6490.18,2950.08,1090.16,529.84,126.98,1.86,212,824.4,1090.16,0,50,0.2,100447550,182242
747,5,无用之人,147,99249.35,6136.17,6749.79,3068.09,1122.86,540.44,128.25,1.87,214,828.52,1122.86,0,50,0.2,110492305,194999
748,5,无用之人,148,104211.81,6381.62,7019.78,3190.81,1156.55,551.25,129.53,1.87,216,832.67,1156.55,0,50,0.2,121541535,208649
749,5,无用之人,149,109422.4,6636.88,7300.57,3318.44,1191.24,562.27,130.82,1.87,218,836.83,1191.24,0,50,0.2,133695689,223254
750,5,无用之人,150,114893.52,6902.36,7592.6,3451.18,1226.98,573.52,132.13,1.88,220,841.01,1226.98,0,50,0.2,0,238882
751,6,刺客,1,110,21,23,10,15,100,100,1.56,50,520,15,0,50,0.5,100,10
752,6,刺客,2,115.5,21.84,23.92,10.4,15.45,102,101,1.56,51,522.6,15.45,0,50,0.5,110,11
753,6,刺客,3,121.28,22.71,24.88,10.82,15.91,104.04,102.01,1.56,51,525.21,15.91,0,50,0.5,121,11
754,6,刺客,4,127.34,23.62,25.87,11.25,16.39,106.12,103.03,1.57,52,527.84,16.39,0,50,0.5,133,12
755,6,刺客,5,133.71,24.57,26.91,11.7,16.88,108.24,104.06,1.57,52,530.48,16.88,0,50,0.5,146,13
756,6,刺客,6,140.39,25.55,27.98,12.17,17.39,110.41,105.1,1.57,53,533.13,17.39,0,50,0.5,161,14
757,6,刺客,7,147.41,26.57,29.1,12.65,17.91,112.62,106.15,1.57,53,535.8,17.91,0,50,0.5,177,15
758,6,刺客,8,154.78,27.63,30.27,13.16,18.45,114.87,107.21,1.58,54,538.48,18.45,0,50,0.5,195,16
759,6,刺客,9,162.52,28.74,31.48,13.69,19,117.17,108.29,1.58,54,541.17,19,0,50,0.5,214,17
760,6,刺客,10,170.65,29.89,32.74,14.23,19.57,119.51,109.37,1.58,55,543.87,19.57,0,50,0.5,236,18
761,6,刺客,11,179.18,31.09,34.05,14.8,20.16,121.9,110.46,1.58,55,546.59,20.16,0,50,0.5,259,20
762,6,刺客,12,188.14,32.33,35.41,15.39,20.76,124.34,111.57,1.59,56,549.33,20.76,0,50,0.5,285,21
763,6,刺客,13,197.54,33.62,36.82,16.01,21.39,126.82,112.68,1.59,56,552.07,21.39,0,50,0.5,314,23
764,6,刺客,14,207.42,34.97,38.3,16.65,22.03,129.36,113.81,1.59,57,554.83,22.03,0,50,0.5,345,24
765,6,刺客,15,217.79,36.37,39.83,17.32,22.69,131.95,114.95,1.59,57,557.61,22.69,0,50,0.5,380,26
766,6,刺客,16,228.68,37.82,41.42,18.01,23.37,134.59,116.1,1.6,58,560.4,23.37,0,50,0.5,418,28
767,6,刺客,17,240.12,39.33,43.08,18.73,24.07,137.28,117.26,1.6,59,563.2,24.07,0,50,0.5,459,30
768,6,刺客,18,252.12,40.91,44.8,19.48,24.79,140.02,118.43,1.6,59,566.01,24.79,0,50,0.5,505,32
769,6,刺客,19,264.73,42.54,46.59,20.26,25.54,142.82,119.61,1.6,60,568.84,25.54,0,50,0.5,556,34
770,6,刺客,20,277.96,44.24,48.46,21.07,26.3,145.68,120.81,1.61,60,571.69,26.3,0,50,0.5,612,36
771,6,刺客,21,291.86,46.01,50.4,21.91,27.09,148.59,122.02,1.61,61,574.55,27.09,0,50,0.5,673,39
772,6,刺客,22,306.46,47.85,52.41,22.79,27.9,151.57,123.24,1.61,62,577.42,27.9,0,50,0.5,740,41
773,6,刺客,23,321.78,49.77,54.51,23.7,28.74,154.6,124.47,1.61,62,580.31,28.74,0,50,0.5,814,44
774,6,刺客,24,337.87,51.76,56.69,24.65,29.6,157.69,125.72,1.61,63,583.21,29.6,0,50,0.5,895,47
775,6,刺客,25,354.76,53.83,58.96,25.63,30.49,160.84,126.97,1.62,63,586.12,30.49,0,50,0.5,985,51
776,6,刺客,26,372.5,55.98,61.31,26.66,31.41,164.06,128.24,1.62,64,589.05,31.41,0,50,0.5,1083,54
777,6,刺客,27,391.12,58.22,63.77,27.72,32.35,167.34,129.53,1.62,65,592,32.35,0,50,0.5,1192,58
778,6,刺客,28,410.68,60.55,66.32,28.83,33.32,170.69,130.82,1.62,65,594.96,33.32,0,50,0.5,1311,62
779,6,刺客,29,431.21,62.97,68.97,29.99,34.32,174.1,132.13,1.63,66,597.93,34.32,0,50,0.5,1442,66
780,6,刺客,30,452.77,65.49,71.73,31.19,35.35,177.58,133.45,1.63,67,600.92,35.35,0,50,0.5,1586,71
781,6,刺客,31,475.41,68.11,74.6,32.43,36.41,181.14,134.78,1.63,67,603.93,36.41,0,50,0.5,1745,76
782,6,刺客,32,499.18,70.84,77.58,33.73,37.5,184.76,136.13,1.63,68,606.95,37.5,0,50,0.5,1919,81
783,6,刺客,33,524.14,73.67,80.69,35.08,38.63,188.45,137.49,1.64,69,609.98,38.63,0,50,0.5,2111,87
784,6,刺客,34,550.35,76.62,83.91,36.48,39.79,192.22,138.87,1.64,69,613.03,39.79,0,50,0.5,2323,93
785,6,刺客,35,577.87,79.68,87.27,37.94,40.98,196.07,140.26,1.64,70,616.1,40.98,0,50,0.5,2555,100
786,6,刺客,36,606.76,82.87,90.76,39.46,42.21,199.99,141.66,1.64,71,619.18,42.21,0,50,0.5,2810,107
787,6,刺客,37,637.1,86.18,94.39,41.04,43.47,203.99,143.08,1.65,72,622.27,43.47,0,50,0.5,3091,114
788,6,刺客,38,668.95,89.63,98.17,42.68,44.78,208.07,144.51,1.65,72,625.39,44.78,0,50,0.5,3400,122
789,6,刺客,39,702.4,93.22,102.09,44.39,46.12,212.23,145.95,1.65,73,628.51,46.12,0,50,0.5,3740,131
790,6,刺客,40,737.52,96.94,106.18,46.16,47.51,216.47,147.41,1.65,74,631.65,47.51,0,50,0.5,4114,140
791,6,刺客,41,774.4,100.82,110.42,48.01,48.93,220.8,148.89,1.66,74,634.81,48.93,0,50,0.5,4526,150
792,6,刺客,42,813.12,104.85,114.84,49.93,50.4,225.22,150.38,1.66,75,637.99,50.4,0,50,0.5,4979,160
793,6,刺客,43,853.77,109.05,119.43,51.93,51.91,229.72,151.88,1.66,76,641.18,51.91,0,50,0.5,5476,171
794,6,刺客,44,896.46,113.41,124.21,54,53.47,234.32,153.4,1.66,77,644.38,53.47,0,50,0.5,6024,183
795,6,刺客,45,941.29,117.95,129.18,56.17,55.07,239.01,154.93,1.67,77,647.6,55.07,0,50,0.5,6626,196
796,6,刺客,46,988.35,122.66,134.35,58.41,56.72,243.79,156.48,1.67,78,650.84,56.72,0,50,0.5,7289,210
797,6,刺客,47,1037.77,127.57,139.72,60.75,58.43,248.66,158.05,1.67,79,654.1,58.43,0,50,0.5,8018,225
798,6,刺客,48,1089.66,132.67,145.31,63.18,60.18,253.63,159.63,1.67,80,657.37,60.18,0,50,0.5,8820,240
799,6,刺客,49,1144.14,137.98,151.12,65.71,61.98,258.71,161.22,1.68,81,660.65,61.98,0,50,0.5,9702,257
800,6,刺客,50,1201.35,143.5,157.17,68.33,63.84,263.88,162.83,1.68,81,663.96,63.84,0,50,0.5,10672,275
801,6,刺客,51,1261.41,149.24,163.45,71.07,65.76,269.16,164.46,1.68,82,667.28,65.76,0,50,0.5,11739,295
802,6,刺客,52,1324.48,155.21,169.99,73.91,67.73,274.54,166.11,1.68,83,670.61,67.73,0,50,0.5,12913,315
803,6,刺客,53,1390.71,161.42,176.79,76.87,69.76,280.03,167.77,1.69,84,673.97,69.76,0,50,0.5,14204,337
804,6,刺客,54,1460.24,167.88,183.86,79.94,71.86,285.63,169.45,1.69,85,677.34,71.86,0,50,0.5,15625,361
805,6,刺客,55,1533.26,174.59,191.22,83.14,74.01,291.35,171.14,1.69,86,680.72,74.01,0,50,0.5,17187,386
806,6,刺客,56,1609.92,181.57,198.87,86.46,76.23,297.17,172.85,1.69,86,684.13,76.23,0,50,0.5,18906,413
807,6,刺客,57,1690.42,188.84,206.82,89.92,78.52,303.12,174.58,1.7,87,687.55,78.52,0,50,0.5,20797,442
808,6,刺客,58,1774.94,196.39,215.09,93.52,80.87,309.18,176.33,1.7,88,690.99,80.87,0,50,0.5,22876,473
809,6,刺客,59,1863.68,204.25,223.7,97.26,83.3,315.36,178.09,1.7,89,694.44,83.3,0,50,0.5,25164,506
810,6,刺客,60,1956.87,212.42,232.65,101.15,85.8,321.67,179.87,1.7,90,697.91,85.8,0,50,0.5,27680,542
811,6,刺客,61,2054.71,220.91,241.95,105.2,88.37,328.1,181.67,1.71,91,701.4,88.37,0,50,0.5,30448,579
812,6,刺客,62,2157.45,229.75,251.63,109.4,91.03,334.67,183.49,1.71,92,704.91,91.03,0,50,0.5,33493,620
813,6,刺客,63,2265.32,238.94,261.69,113.78,93.76,341.36,185.32,1.71,93,708.43,93.76,0,50,0.5,36842,663
814,6,刺客,64,2378.58,248.5,272.16,118.33,96.57,348.19,187.17,1.71,94,711.98,96.57,0,50,0.5,40527,710
815,6,刺客,65,2497.51,258.44,283.05,123.06,99.47,355.15,189.05,1.72,95,715.54,99.47,0,50,0.5,44579,760
816,6,刺客,66,2622.39,268.77,294.37,127.99,102.45,362.25,190.94,1.72,95,719.11,102.45,0,50,0.5,49037,813
817,6,刺客,67,2753.51,279.52,306.15,133.11,105.52,369.5,192.85,1.72,96,722.71,105.52,0,50,0.5,53941,870
818,6,刺客,68,2891.18,290.71,318.39,138.43,108.69,376.89,194.77,1.72,97,726.32,108.69,0,50,0.5,59335,930
819,6,刺客,69,3035.74,302.33,331.13,143.97,111.95,384.43,196.72,1.73,98,729.95,111.95,0,50,0.5,65268,996
820,6,刺客,70,3187.53,314.43,344.37,149.73,115.31,392.11,198.69,1.73,99,733.6,115.31,0,50,0.5,71795,1065
821,6,刺客,71,3346.91,327,358.15,155.72,118.77,399.96,200.68,1.73,100,737.27,118.77,0,50,0.5,78975,1140
822,6,刺客,72,3514.25,340.08,372.47,161.94,122.33,407.95,202.68,1.74,101,740.96,122.33,0,50,0.5,86872,1220
823,6,刺客,73,3689.96,353.69,387.37,168.42,126,416.11,204.71,1.74,102,744.66,126,0,50,0.5,95559,1305
824,6,刺客,74,3874.46,367.84,402.87,175.16,129.78,424.44,206.76,1.74,103,748.39,129.78,0,50,0.5,105115,1396
825,6,刺客,75,4068.19,382.55,418.98,182.17,133.67,432.93,208.82,1.74,104,752.13,133.67,0,50,0.5,115627,1494
826,6,刺客,76,4271.6,397.85,435.74,189.45,137.68,441.58,210.91,1.75,105,755.89,137.68,0,50,0.5,127190,1599
827,6,刺客,77,4485.18,413.76,453.17,197.03,141.81,450.42,213.02,1.75,107,759.67,141.81,0,50,0.5,139908,1711
828,6,刺客,78,4709.43,430.31,471.3,204.91,146.07,459.42,215.15,1.75,108,763.47,146.07,0,50,0.5,153899,1830
829,6,刺客,79,4944.91,447.53,490.15,213.11,150.45,468.61,217.3,1.75,109,767.28,150.45,0,50,0.5,169289,1959
830,6,刺客,80,5192.15,465.43,509.76,221.63,154.96,477.98,219.48,1.76,110,771.12,154.96,0,50,0.5,186218,2096
831,6,刺客,81,5451.76,484.05,530.15,230.5,159.61,487.54,221.67,1.76,111,774.98,159.61,0,50,0.5,204840,2242
832,6,刺客,82,5724.35,503.41,551.35,239.72,164.4,497.29,223.89,1.76,112,778.85,164.4,0,50,0.5,225324,2399
833,6,刺客,83,6010.56,523.54,573.41,249.31,169.33,507.24,226.13,1.76,113,782.75,169.33,0,50,0.5,247856,2567
834,6,刺客,84,6311.09,544.49,596.34,259.28,174.41,517.39,228.39,1.77,114,786.66,174.41,0,50,0.5,272642,2747
835,6,刺客,85,6626.65,566.27,620.2,269.65,179.65,527.73,230.67,1.77,115,790.59,179.65,0,50,0.5,299906,2939
836,6,刺客,86,6957.98,588.92,645,280.44,185.04,538.29,232.98,1.77,116,794.55,185.04,0,50,0.5,329897,3145
837,6,刺客,87,7305.88,612.47,670.8,291.65,190.59,549.05,235.31,1.77,118,798.52,190.59,0,50,0.5,362887,3365
838,6,刺客,88,7671.17,636.97,697.64,303.32,196.3,560.03,237.66,1.78,119,802.51,196.3,0,50,0.5,399175,3601
839,6,刺客,89,8054.73,662.45,725.54,315.45,202.19,571.24,240.04,1.78,120,806.52,202.19,0,50,0.5,439093,3853
840,6,刺客,90,8457.47,688.95,754.56,328.07,208.26,582.66,242.44,1.78,121,810.56,208.26,0,50,0.5,483002,4122
841,6,刺客,91,8880.34,716.51,784.74,341.19,214.51,594.31,244.86,1.79,122,814.61,214.51,0,50,0.5,531302,4411
842,6,刺客,92,9324.36,745.17,816.13,354.84,220.94,606.2,247.31,1.79,124,818.68,220.94,0,50,0.5,584432,4720
843,6,刺客,93,9790.58,774.97,848.78,369.03,227.57,618.32,249.79,1.79,125,822.77,227.57,0,50,0.5,642876,5050
844,6,刺客,94,10280.1,805.97,882.73,383.8,234.4,630.69,252.28,1.79,126,826.89,234.4,0,50,0.5,707163,5404
845,6,刺客,95,10794.11,838.21,918.04,399.15,241.43,643.3,254.81,1.8,127,831.02,241.43,0,50,0.5,777880,5782
846,6,刺客,96,11333.81,871.74,954.76,415.11,248.67,656.17,257.35,1.8,129,835.18,248.67,0,50,0.5,855668,6187
847,6,刺客,97,11900.51,906.61,992.95,431.72,256.13,669.29,259.93,1.8,130,839.35,256.13,0,50,0.5,941234,6620
848,6,刺客,98,12495.53,942.87,1032.67,448.99,263.82,682.68,262.53,1.8,131,843.55,263.82,0,50,0.5,1035358,7083
849,6,刺客,99,13120.31,980.59,1073.98,466.95,271.73,696.33,265.15,1.81,133,847.77,271.73,0,50,0.5,1138894,7579
850,6,刺客,100,13776.32,1019.81,1116.94,485.62,279.88,710.26,267.8,1.81,134,852.01,279.88,0,50,0.5,1252783,8109
851,6,刺客,101,14465.14,1060.6,1161.61,505.05,288.28,724.46,270.48,1.81,135,856.27,288.28,0,50,0.5,1378061,8677
852,6,刺客,102,15188.4,1103.03,1208.08,525.25,296.93,738.95,273.19,1.81,137,860.55,296.93,0,50,0.5,1515867,9285
853,6,刺客,103,15947.82,1147.15,1256.4,546.26,305.84,753.73,275.92,1.82,138,864.85,305.84,0,50,0.5,1667454,9934
854,6,刺客,104,16745.21,1193.04,1306.66,568.11,315.01,768.81,278.68,1.82,139,869.18,315.01,0,50,0.5,1834200,10630
855,6,刺客,105,17582.47,1240.76,1358.92,590.84,324.46,784.18,281.46,1.82,141,873.52,324.46,0,50,0.5,2017619,11374
856,6,刺客,106,18461.59,1290.39,1413.28,614.47,334.19,799.87,284.28,1.83,142,877.89,334.19,0,50,0.5,2219381,12170
857,6,刺客,107,19384.67,1342,1469.81,639.05,344.22,815.86,287.12,1.83,144,882.28,344.22,0,50,0.5,2441320,13022
858,6,刺客,108,20353.9,1395.68,1528.6,664.61,354.55,832.18,289.99,1.83,145,886.69,354.55,0,50,0.5,2685451,13934
859,6,刺客,109,21371.6,1451.51,1589.75,691.2,365.18,848.83,292.89,1.83,146,891.12,365.18,0,50,0.5,2953997,14909
860,6,刺客,110,22440.18,1509.57,1653.34,718.84,376.14,865.8,295.82,1.84,148,895.58,376.14,0,50,0.5,3249396,15953
861,6,刺客,111,23562.19,1569.95,1719.47,747.6,387.42,883.12,298.78,1.84,149,900.06,387.42,0,50,0.5,3574336,17069
862,6,刺客,112,24740.3,1632.75,1788.25,777.5,399.05,900.78,301.77,1.84,151,904.56,399.05,0,50,0.5,3931770,18264
863,6,刺客,113,25977.31,1698.06,1859.78,808.6,411.02,918.8,304.79,1.85,152,909.08,411.02,0,50,0.5,4324946,19543
864,6,刺客,114,27276.18,1765.98,1934.17,840.94,423.35,937.17,307.83,1.85,154,913.63,423.35,0,50,0.5,4757441,20911
865,6,刺客,115,28639.98,1836.62,2011.54,874.58,436.05,955.92,310.91,1.85,155,918.19,436.05,0,50,0.5,5233185,22374
866,6,刺客,116,30071.98,1910.09,2092,909.57,449.13,975.03,314.02,1.85,157,922.78,449.13,0,50,0.5,5756504,23941
867,6,刺客,117,31575.58,1986.49,2175.68,945.95,462.6,994.53,317.16,1.86,159,927.4,462.6,0,50,0.5,6332154,25616
868,6,刺客,118,33154.36,2065.95,2262.71,983.79,476.48,1014.43,320.33,1.86,160,932.04,476.48,0,50,0.5,6965370,27410
869,6,刺客,119,34812.08,2148.59,2353.22,1023.14,490.78,1034.71,323.54,1.86,162,936.7,490.78,0,50,0.5,7661907,29328
870,6,刺客,120,36552.68,2234.53,2447.35,1064.06,505.5,1055.41,326.77,1.86,163,941.38,505.5,0,50,0.5,8428097,31381
871,6,刺客,121,38380.32,2323.91,2545.24,1106.63,520.66,1076.52,330.04,1.87,165,946.09,520.66,0,50,0.5,9270907,33578
872,6,刺客,122,40299.33,2416.87,2647.05,1150.89,536.28,1098.05,333.34,1.87,167,950.82,536.28,0,50,0.5,10197998,35928
873,6,刺客,123,42314.3,2513.55,2752.93,1196.93,552.37,1120.01,336.67,1.87,168,955.57,552.37,0,50,0.5,11217797,38443
874,6,刺客,124,44430.02,2614.09,2863.05,1244.8,568.94,1142.41,340.04,1.88,170,960.35,568.94,0,50,0.5,12339577,41134
875,6,刺客,125,46651.52,2718.65,2977.57,1294.6,586.01,1165.26,343.44,1.88,172,965.15,586.01,0,50,0.5,13573535,44014
876,6,刺客,126,48984.09,2827.4,3096.67,1346.38,603.59,1188.56,346.87,1.88,173,969.98,603.59,0,50,0.5,14930888,47095
877,6,刺客,127,51433.3,2940.49,3220.54,1400.23,621.7,1212.33,350.34,1.88,175,974.83,621.7,0,50,0.5,16423977,50391
878,6,刺客,128,54004.96,3058.11,3349.36,1456.24,640.35,1236.58,353.85,1.89,177,979.7,640.35,0,50,0.5,18066375,53919
879,6,刺客,129,56705.21,3180.44,3483.34,1514.49,659.56,1261.31,357.38,1.89,179,984.6,659.56,0,50,0.5,19873012,57693
880,6,刺客,130,59540.47,3307.65,3622.67,1575.07,679.35,1286.54,360.96,1.89,180,989.52,679.35,0,50,0.5,21860313,61732
881,6,刺客,131,62517.49,3439.96,3767.58,1638.08,699.73,1312.27,364.57,1.9,182,994.47,699.73,0,50,0.5,24046345,66053
882,6,刺客,132,65643.37,3577.56,3918.28,1703.6,720.72,1338.51,368.21,1.9,184,999.44,720.72,0,50,0.5,26450979,70676
883,6,刺客,133,68925.54,3720.66,4075.01,1771.74,742.34,1365.28,371.9,1.9,186,1004.44,742.34,0,50,0.5,29096077,75624
884,6,刺客,134,72371.81,3869.49,4238.01,1842.61,764.61,1392.59,375.61,1.9,188,1009.46,764.61,0,50,0.5,32005685,80917
885,6,刺客,135,75990.41,4024.27,4407.53,1916.32,787.55,1420.44,379.37,1.91,190,1014.51,787.55,0,50,0.5,35206253,86582
886,6,刺客,136,79789.93,4185.24,4583.83,1992.97,811.18,1448.85,383.16,1.91,192,1019.58,811.18,0,50,0.5,38726879,92642
887,6,刺客,137,83779.42,4352.65,4767.18,2072.69,835.51,1477.83,387,1.91,193,1024.68,835.51,0,50,0.5,42599567,99127
888,6,刺客,138,87968.39,4526.75,4957.87,2155.6,860.58,1507.38,390.87,1.92,195,1029.8,860.58,0,50,0.5,46859523,106066
889,6,刺客,139,92366.81,4707.82,5156.19,2241.82,886.4,1537.53,394.77,1.92,197,1034.95,886.4,0,50,0.5,51545476,113491
890,6,刺客,140,96985.15,4896.14,5362.43,2331.49,912.99,1568.28,398.72,1.92,199,1040.13,912.99,0,50,0.5,56700023,121435
891,6,刺客,141,101834.41,5091.98,5576.93,2424.75,940.38,1599.65,402.71,1.92,201,1045.33,940.38,0,50,0.5,62370026,129936
892,6,刺客,142,106926.13,5295.66,5800.01,2521.74,968.59,1631.64,406.74,1.93,203,1050.55,968.59,0,50,0.5,68607028,139031
893,6,刺客,143,112272.44,5507.49,6032.01,2622.61,997.65,1664.27,410.8,1.93,205,1055.81,997.65,0,50,0.5,75467731,148764
894,6,刺客,144,117886.06,5727.79,6273.29,2727.52,1027.58,1697.56,414.91,1.93,207,1061.08,1027.58,0,50,0.5,83014504,159177
895,6,刺客,145,123780.36,5956.9,6524.22,2836.62,1058.4,1731.51,419.06,1.94,210,1066.39,1058.4,0,50,0.5,91315954,170319
896,6,刺客,146,129969.38,6195.17,6785.19,2950.08,1090.16,1766.14,423.25,1.94,212,1071.72,1090.16,0,50,0.5,100447550,182242
897,6,刺客,147,136467.85,6442.98,7056.6,3068.09,1122.86,1801.46,427.48,1.94,214,1077.08,1122.86,0,50,0.5,110492305,194999
898,6,刺客,148,143291.24,6700.7,7338.86,3190.81,1156.55,1837.49,431.76,1.94,216,1082.47,1156.55,0,50,0.5,121541535,208649
899,6,刺客,149,150455.8,6968.73,7632.42,3318.44,1191.24,1874.24,436.08,1.95,218,1087.88,1191.24,0,50,0.5,133695689,223254
900,6,刺客,150,157978.59,7247.48,7937.71,3451.18,1226.98,1911.73,440.44,1.95,220,1093.32,1226.98,0,50,0.5,0,238882